api_log write failed: (sqlalchemy.dialects.postgresql.asyncpg.ProgrammingError) <class 'asyncpg.exceptions.UndefinedTableError'>: relation "api_logs" does not exist
[SQL: INSERT INTO api_logs (created_at, method, path, status_code, latency_ms, client_host, request_id, error_type, error_detail, traceback) VALUES ($1::TIMESTAMP WITHOUT TIME ZONE, $2::VARCHAR, $3::VARCHAR, $4::INTEGER, $5::INTEGER, $6::VARCHAR, $7::VARCHAR, $8::VARCHAR, $9::VARCHAR, $10::VARCHAR) RETURNING api_logs.id]
[parameters: (datetime.datetime(2026, 9, 3, 8, 30, 6, 682564), 'POST', '/api/v1/vitals/ingest', 200, 10, '172.18.0.1', '55783f2ab50e4c6eaa896f3d3ef8c85d', None, None, None)]
(Background on this error at: https://sqlalche.me/e/20/f405)
INFO:     172.18.0.1:42784 - "POST /api/v1/vitals/ingest HTTP/1.1" 200 OK
api_log write failed: (sqlalchemy.dialects.postgresql.asyncpg.ProgrammingError) <class 'asyncpg.exceptions.UndefinedTableError'>: relation "api_logs" does not exist
[SQL: INSERT INTO api_logs (created_at, method, path, status_code, latency_ms, client_host, request_id, error_type, error_detail, traceback) VALUES ($1::TIMESTAMP WITHOUT TIME ZONE, $2::VARCHAR, $3::VARCHAR, $4::INTEGER, $5::INTEGER, $6::VARCHAR, $7::VARCHAR, $8::VARCHAR, $9::VARCHAR, $10::VARCHAR) RETURNING api_logs.id]
[parameters: (datetime.datetime(2026, 9, 3, 8, 30, 14, 25119), 'POST', '/api/v1/vitals/ingest', 200, 9, '172.18.0.1', '3fd960167d4c4fb9a4de9ab056d2e7fb', None, None, None)]
(Background on this error at: https://sqlalche.me/e/20/f405)
INFO:     172.18.0.1:38540 - "POST /api/v1/vitals/ingest HTTP/1.1" 200 OK
api_log write failed: (sqlalchemy.dialects.postgresql.asyncpg.ProgrammingError) <class 'asyncpg.exceptions.UndefinedTableError'>: relation "api_logs" does not exist
[SQL: INSERT INTO api_logs (created_at, method, path, status_code, latency_ms, client_host, request_id, error_type, error_detail, traceback) VALUES ($1::TIMESTAMP WITHOUT TIME ZONE, $2::VARCHAR, $3::VARCHAR, $4::INTEGER, $5::INTEGER, $6::VARCHAR, $7::VARCHAR, $8::VARCHAR, $9::VARCHAR, $10::VARCHAR) RETURNING api_logs.id]
[parameters: (datetime.datetime(2026, 9, 3, 8, 30, 23, 370963), 'POST', '/api/v1/vitals/ingest', 200, 9, '172.18.0.1', '0770baf8cd414e66bf00f190c3c8fbb7', None, None, None)]
(Background on this error at: https://sqlalche.me/e/20/f405)
INFO:     172.18.0.1:38556 - "POST /api/v1/vitals/ingest HTTP/1.1" 200 OK
api_log write failed: (sqlalchemy.dialects.postgresql.asyncpg.ProgrammingError) <class 'asyncpg.exceptions.UndefinedTableError'>: relation "api_logs" does not exist
[SQL: INSERT INTO api_logs (created_at, method, path, status_code, latency_ms, client_host, request_id, error_type, error_detail, traceback) VALUES ($1::TIMESTAMP WITHOUT TIME ZONE, $2::VARCHAR, $3::VARCHAR, $4::INTEGER, $5::INTEGER, $6::VARCHAR, $7::VARCHAR, $8::VARCHAR, $9::VARCHAR, $10::VARCHAR) RETURNING api_logs.id]
[parameters: (datetime.datetime(2026, 9, 3, 8, 30, 43, 970793), 'POST', '/api/v1/vitals/ingest', 200, 9, '172.18.0.1', '505ce4b8619741b18dd4d8d6fe013657', None, None, None)]
(Background on this error at: https://sqlalche.me/e/20/f405)
INFO:     172.18.0.1:35670 - "POST /api/v1/vitals/ingest HTTP/1.1" 200 OK
api_log purge error: (sqlalchemy.dialects.postgresql.asyncpg.ProgrammingError) <class 'asyncpg.exceptions.UndefinedTableError'>: relation "api_logs" does not exist
[SQL: DELETE FROM api_logs WHERE api_logs.created_at < $1::TIMESTAMP WITHOUT TIME ZONE]
[parameters: (datetime.datetime(2026, 9, 1, 8, 30, 56, 862385),)]
(Background on this error at: https://sqlalche.me/e/20/f405)
api_log write failed: (sqlalchemy.dialects.postgresql.asyncpg.ProgrammingError) <class 'asyncpg.exceptions.UndefinedTableError'>: relation "api_logs" does not exist
[SQL: INSERT INTO api_logs (created_at, method, path, status_code, latency_ms, client_host, request_id, error_type, error_detail, traceback) VALUES ($1::TIMESTAMP WITHOUT TIME ZONE, $2::VARCHAR, $3::VARCHAR, $4::INTEGER, $5::INTEGER, $6::VARCHAR, $7::VARCHAR, $8::VARCHAR, $9::VARCHAR, $10::VARCHAR) RETURNING api_logs.id]
[parameters: (datetime.datetime(2026, 9, 3, 8, 31, 12, 578945), 'POST', '/api/v1/vitals/ingest', 200, 10, '172.18.0.1', 'c77c84ab2ce146269346301fa5305a80', None, None, None)]
(Background on this error at: https://sqlalche.me/e/20/f405)
INFO:     172.18.0.1:49332 - "POST /api/v1/vitals/ingest HTTP/1.1" 200 OK
api_log write failed: (sqlalchemy.dialects.postgresql.asyncpg.ProgrammingError) <class 'asyncpg.exceptions.UndefinedTableError'>: relation "api_logs" does not exist
[SQL: INSERT INTO api_logs (created_at, method, path, status_code, latency_ms, client_host, request_id, error_type, error_detail, traceback) VALUES ($1::TIMESTAMP WITHOUT TIME ZONE, $2::VARCHAR, $3::VARCHAR, $4::INTEGER, $5::INTEGER, $6::VARCHAR, $7::VARCHAR, $8::VARCHAR, $9::VARCHAR, $10::VARCHAR) RETURNING api_logs.id]
[parameters: (datetime.datetime(2026, 9, 3, 8, 31, 13, 704530), 'POST', '/api/v1/vitals/ingest', 200, 10, '172.18.0.1', 'd3b1614d92f247e3897935497b27d65c', None, None, None)]
(Background on this error at: https://sqlalche.me/e/20/f405)
INFO:     172.18.0.1:49338 - "POST /api/v1/vitals/ingest HTTP/1.1" 200 OK
api_log write failed: (sqlalchemy.dialects.postgresql.asyncpg.ProgrammingError) <class 'asyncpg.exceptions.UndefinedTableError'>: relation "api_logs" does not exist
[SQL: INSERT INTO api_logs (created_at, method, path, status_code, latency_ms, client_host, request_id, error_type, error_detail, traceback) VALUES ($1::TIMESTAMP WITHOUT TIME ZONE, $2::VARCHAR, $3::VARCHAR, $4::INTEGER, $5::INTEGER, $6::VARCHAR, $7::VARCHAR, $8::VARCHAR, $9::VARCHAR, $10::VARCHAR) RETURNING api_logs.id]
[parameters: (datetime.datetime(2026, 9, 3, 8, 31, 13, 965756), 'POST', '/api/v1/vitals/ingest', 200, 8, '172.18.0.1', '9d45484decc440988dfde8043c338311', None, None, None)]
(Background on this error at: https://sqlalche.me/e/20/f405)
INFO:     172.18.0.1:51042 - "POST /api/v1/vitals/ingest HTTP/1.1" 200 OK
api_log write failed: (sqlalchemy.dialects.postgresql.asyncpg.ProgrammingError) <class 'asyncpg.exceptions.UndefinedTableError'>: relation "api_logs" does not exist
[SQL: INSERT INTO api_logs (created_at, method, path, status_code, latency_ms, client_host, request_id, error_type, error_detail, traceback) VALUES ($1::TIMESTAMP WITHOUT TIME ZONE, $2::VARCHAR, $3::VARCHAR, $4::INTEGER, $5::INTEGER, $6::VARCHAR, $7::VARCHAR, $8::VARCHAR, $9::VARCHAR, $10::VARCHAR) RETURNING api_logs.id]
[parameters: (datetime.datetime(2026, 9, 3, 8, 31, 43, 984006), 'POST', '/api/v1/vitals/ingest', 200, 9, '172.18.0.1', '96aca90ddb774ac4b76cf8480f9a30dd', None, None, None)]
(Background on this error at: https://sqlalche.me/e/20/f405)
INFO:     172.18.0.1:36264 - "POST /api/v1/vitals/ingest HTTP/1.1" 200 OK
api_log purge error: (sqlalchemy.dialects.postgresql.asyncpg.ProgrammingError) <class 'asyncpg.exceptions.UndefinedTableError'>: relation "api_logs" does not exist
[SQL: DELETE FROM api_logs WHERE api_logs.created_at < $1::TIMESTAMP WITHOUT TIME ZONE]
[parameters: (datetime.datetime(2026, 9, 1, 8, 31, 56, 865956),)]
(Background on this error at: https://sqlalche.me/e/20/f405)
api_log write failed: (sqlalchemy.dialects.postgresql.asyncpg.ProgrammingError) <class 'asyncpg.exceptions.UndefinedTableError'>: relation "api_logs" does not exist
[SQL: INSERT INTO api_logs (created_at, method, path, status_code, latency_ms, client_host, request_id, error_type, error_detail, traceback) VALUES ($1::TIMESTAMP WITHOUT TIME ZONE, $2::VARCHAR, $3::VARCHAR, $4::INTEGER, $5::INTEGER, $6::VARCHAR, $7::VARCHAR, $8::VARCHAR, $9::VARCHAR, $10::VARCHAR) RETURNING api_logs.id]
[parameters: (datetime.datetime(2026, 9, 3, 8, 32, 12, 619448), 'POST', '/api/v1/vitals/ingest', 200, 9, '172.18.0.1', 'e0c3a20745984eab9d39ce63127b66cf', None, None, None)]
(Background on this error at: https://sqlalche.me/e/20/f405)
INFO:     172.18.0.1:46122 - "POST /api/v1/vitals/ingest HTTP/1.1" 200 OK
INFO:     172.18.0.1:55408 - "POST /api/v1/vitals/ingest HTTP/1.1" 200 OK
api_log write failed: (sqlalchemy.dialects.postgresql.asyncpg.ProgrammingError) <class 'asyncpg.exceptions.UndefinedTableError'>: relation "api_logs" does not exist
[SQL: INSERT INTO api_logs (created_at, method, path, status_code, latency_ms, client_host, request_id, error_type, error_detail, traceback) VALUES ($1::TIMESTAMP WITHOUT TIME ZONE, $2::VARCHAR, $3::VARCHAR, $4::INTEGER, $5::INTEGER, $6::VARCHAR, $7::VARCHAR, $8::VARCHAR, $9::VARCHAR, $10::VARCHAR) RETURNING api_logs.id]
[parameters: (datetime.datetime(2026, 9, 3, 8, 32, 13, 973877), 'POST', '/api/v1/vitals/ingest', 200, 9, '172.18.0.1', '011408c0b00e4f3db06960faf47c32a7', None, None, None)]
(Background on this error at: https://sqlalche.me/e/20/f405)
api_log write failed: (sqlalchemy.dialects.postgresql.asyncpg.ProgrammingError) <class 'asyncpg.exceptions.UndefinedTableError'>: relation "api_logs" does not exist
[SQL: INSERT INTO api_logs (created_at, method, path, status_code, latency_ms, client_host, request_id, error_type, error_detail, traceback) VALUES ($1::TIMESTAMP WITHOUT TIME ZONE, $2::VARCHAR, $3::VARCHAR, $4::INTEGER, $5::INTEGER, $6::VARCHAR, $7::VARCHAR, $8::VARCHAR, $9::VARCHAR, $10::VARCHAR) RETURNING api_logs.id]
[parameters: (datetime.datetime(2026, 9, 3, 8, 32, 43, 961014), 'POST', '/api/v1/vitals/ingest', 200, 9, '172.18.0.1', '1bd39bc8a1494161b7ff2dd7e7ad38d2', None, None, None)]
(Background on this error at: https://sqlalche.me/e/20/f405)
INFO:     172.18.0.1:36676 - "POST /api/v1/vitals/ingest HTTP/1.1" 200 OK
api_log purge error: (sqlalchemy.dialects.postgresql.asyncpg.ProgrammingError) <class 'asyncpg.exceptions.UndefinedTableError'>: relation "api_logs" does not exist
[SQL: DELETE FROM api_logs WHERE api_logs.created_at < $1::TIMESTAMP WITHOUT TIME ZONE]
[parameters: (datetime.datetime(2026, 9, 1, 8, 32, 56, 868655),)]
(Background on this error at: https://sqlalche.me/e/20/f405)
api_log write failed: (sqlalchemy.dialects.postgresql.asyncpg.ProgrammingError) <class 'asyncpg.exceptions.UndefinedTableError'>: relation "api_logs" does not exist
[SQL: INSERT INTO api_logs (created_at, method, path, status_code, latency_ms, client_host, request_id, error_type, error_detail, traceback) VALUES ($1::TIMESTAMP WITHOUT TIME ZONE, $2::VARCHAR, $3::VARCHAR, $4::INTEGER, $5::INTEGER, $6::VARCHAR, $7::VARCHAR, $8::VARCHAR, $9::VARCHAR, $10::VARCHAR) RETURNING api_logs.id]
[parameters: (datetime.datetime(2026, 9, 3, 8, 33, 12, 709940), 'POST', '/api/v1/vitals/ingest', 200, 9, '172.18.0.1', '43490ffe542c44f695f84fb4dd0f3993', None, None, None)]
(Background on this error at: https://sqlalche.me/e/20/f405)
INFO:     172.18.0.1:42368 - "POST /api/v1/vitals/ingest HTTP/1.1" 200 OK
api_log write failed: (sqlalchemy.dialects.postgresql.asyncpg.ProgrammingError) <class 'asyncpg.exceptions.UndefinedTableError'>: relation "api_logs" does not exist
[SQL: INSERT INTO api_logs (created_at, method, path, status_code, latency_ms, client_host, request_id, error_type, error_detail, traceback) VALUES ($1::TIMESTAMP WITHOUT TIME ZONE, $2::VARCHAR, $3::VARCHAR, $4::INTEGER, $5::INTEGER, $6::VARCHAR, $7::VARCHAR, $8::VARCHAR, $9::VARCHAR, $10::VARCHAR) RETURNING api_logs.id]
[parameters: (datetime.datetime(2026, 9, 3, 8, 33, 14, 191727), 'POST', '/api/v1/vitals/ingest', 200, 9, '172.18.0.1', '07ece546e9714c5b98fd65d3a20e7325', None, None, None)]
(Background on this error at: https://sqlalche.me/e/20/f405)
INFO:     172.18.0.1:53316 - "POST /api/v1/vitals/ingest HTTP/1.1" 200 OK
api_log write failed: (sqlalchemy.dialects.postgresql.asyncpg.ProgrammingError) <class 'asyncpg.exceptions.UndefinedTableError'>: relation "api_logs" does not exist
[SQL: INSERT INTO api_logs (created_at, method, path, status_code, latency_ms, client_host, request_id, error_type, error_detail, traceback) VALUES ($1::TIMESTAMP WITHOUT TIME ZONE, $2::VARCHAR, $3::VARCHAR, $4::INTEGER, $5::INTEGER, $6::VARCHAR, $7::VARCHAR, $8::VARCHAR, $9::VARCHAR, $10::VARCHAR) RETURNING api_logs.id]
[parameters: (datetime.datetime(2026, 9, 3, 8, 33, 43, 976302), 'POST', '/api/v1/vitals/ingest', 200, 9, '172.18.0.1', '14bbfff2b2684956b21bf40eb2660c47', None, None, None)]
(Background on this error at: https://sqlalche.me/e/20/f405)
INFO:     172.18.0.1:49322 - "POST /api/v1/vitals/ingest HTTP/1.1" 200 OK
Failed to fetch staff tokens for patient 5: (sqlalchemy.dialects.postgresql.asyncpg.ProgrammingError) <class 'asyncpg.exceptions.UndefinedTableError'>: relation "device_tokens" does not exist
[SQL: SELECT device_tokens.token 
FROM device_tokens 
WHERE device_tokens.user_id IN ($1::INTEGER)]
[parameters: (7,)]
(Background on this error at: https://sqlalche.me/e/20/f405)
api_log write failed: (sqlalchemy.dialects.postgresql.asyncpg.ProgrammingError) <class 'asyncpg.exceptions.UndefinedTableError'>: relation "api_logs" does not exist
[SQL: INSERT INTO api_logs (created_at, method, path, status_code, latency_ms, client_host, request_id, error_type, error_detail, traceback) VALUES ($1::TIMESTAMP WITHOUT TIME ZONE, $2::VARCHAR, $3::VARCHAR, $4::INTEGER, $5::INTEGER, $6::VARCHAR, $7::VARCHAR, $8::VARCHAR, $9::VARCHAR, $10::VARCHAR) RETURNING api_logs.id]
[parameters: (datetime.datetime(2026, 9, 3, 8, 33, 49, 47360), 'POST', '/api/v1/vitals/ingest', 200, 12, '172.18.0.1', 'b49c9638c44e40f9a060f622e40579ee', None, None, None)]
(Background on this error at: https://sqlalche.me/e/20/f405)
INFO:     172.18.0.1:49330 - "POST /api/v1/vitals/ingest HTTP/1.1" 200 OK
api_log purge error: (sqlalchemy.dialects.postgresql.asyncpg.ProgrammingError) <class 'asyncpg.exceptions.UndefinedTableError'>: relation "api_logs" does not exist
[SQL: DELETE FROM api_logs WHERE api_logs.created_at < $1::TIMESTAMP WITHOUT TIME ZONE]
[parameters: (datetime.datetime(2026, 9, 1, 8, 33, 56, 873504),)]
(Background on this error at: https://sqlalche.me/e/20/f405)
api_log write failed: (sqlalchemy.dialects.postgresql.asyncpg.ProgrammingError) <class 'asyncpg.exceptions.UndefinedTableError'>: relation "api_logs" does not exist
[SQL: INSERT INTO api_logs (created_at, method, path, status_code, latency_ms, client_host, request_id, error_type, error_detail, traceback) VALUES ($1::TIMESTAMP WITHOUT TIME ZONE, $2::VARCHAR, $3::VARCHAR, $4::INTEGER, $5::INTEGER, $6::VARCHAR, $7::VARCHAR, $8::VARCHAR, $9::VARCHAR, $10::VARCHAR) RETURNING api_logs.id]
[parameters: (datetime.datetime(2026, 9, 3, 8, 34, 9, 376386), 'POST', '/api/v1/vitals/ingest', 200, 9, '172.18.0.1', 'a259333124034bfc8aa74fe16d37f7e0', None, None, None)]
(Background on this error at: https://sqlalche.me/e/20/f405)
INFO:     172.18.0.1:50632 - "POST /api/v1/vitals/ingest HTTP/1.1" 200 OK
api_log write failed: (sqlalchemy.dialects.postgresql.asyncpg.ProgrammingError) <class 'asyncpg.exceptions.UndefinedTableError'>: relation "api_logs" does not exist
[SQL: INSERT INTO api_logs (created_at, method, path, status_code, latency_ms, client_host, request_id, error_type, error_detail, traceback) VALUES ($1::TIMESTAMP WITHOUT TIME ZONE, $2::VARCHAR, $3::VARCHAR, $4::INTEGER, $5::INTEGER, $6::VARCHAR, $7::VARCHAR, $8::VARCHAR, $9::VARCHAR, $10::VARCHAR) RETURNING api_logs.id]
[parameters: (datetime.datetime(2026, 9, 3, 8, 34, 12, 574987), 'POST', '/api/v1/vitals/ingest', 200, 9, '172.18.0.1', 'e197e0cf86264aaea36ba46336be88a6', None, None, None)]
(Background on this error at: https://sqlalche.me/e/20/f405)
INFO:     172.18.0.1:50644 - "POST /api/v1/vitals/ingest HTTP/1.1" 200 OK
Failed to fetch staff tokens for patient 27: (sqlalchemy.dialects.postgresql.asyncpg.ProgrammingError) <class 'asyncpg.exceptions.UndefinedTableError'>: relation "device_tokens" does not exist
[SQL: SELECT device_tokens.token 
FROM device_tokens 
WHERE device_tokens.user_id IN ($1::INTEGER)]
[parameters: (9,)]
(Background on this error at: https://sqlalche.me/e/20/f405)
api_log write failed: (sqlalchemy.dialects.postgresql.asyncpg.ProgrammingError) <class 'asyncpg.exceptions.UndefinedTableError'>: relation "api_logs" does not exist
[SQL: INSERT INTO api_logs (created_at, method, path, status_code, latency_ms, client_host, request_id, error_type, error_detail, traceback) VALUES ($1::TIMESTAMP WITHOUT TIME ZONE, $2::VARCHAR, $3::VARCHAR, $4::INTEGER, $5::INTEGER, $6::VARCHAR, $7::VARCHAR, $8::VARCHAR, $9::VARCHAR, $10::VARCHAR) RETURNING api_logs.id]
[parameters: (datetime.datetime(2026, 9, 3, 8, 34, 14, 829702), 'POST', '/api/v1/vitals/ingest', 500, 15, '172.18.0.1', '3350d533dc67472f9bc9f00101621290', 'DBAPIError', "(sqlalchemy.dialects.postgresql.asyncpg.Error) <class 'asyncpg.exceptions.InFailedSQLTransactionError'>: current transaction is aborted, commands ign ... (199 characters truncated) ... d_at, users.user_type \nFROM users \nWHERE users.id = $1::INTEGER]\n[parameters: (9,)]\n(Background on this error at: https://sqlalche.me/e/20/dbapi)", 'Traceback (most recent call last):\n  File "/usr/local/lib/python3.12/site-packages/sqlalchemy/dialects/postgresql/asyncpg.py", line 538, in _prepare ... (7824 characters truncated) ... tgresql/asyncpg.py", line 572, in execute\n    self._adapt_connection.await_(\n  File "/usr/local/lib/python3.12/site-packages/sqlalchemy/util/_concu')]
(Background on this error at: https://sqlalche.me/e/20/f405)
INFO:     172.18.0.1:43946 - "POST /api/v1/vitals/ingest HTTP/1.1" 500 Internal Server Error
ERROR:    Exception in ASGI application
Traceback (most recent call last):
  File "/usr/local/lib/python3.12/site-packages/sqlalchemy/dialects/postgresql/asyncpg.py", line 538, in _prepare_and_execute
    self._rows = await prepared_stmt.fetch(*parameters)
                 ^^^^^^^^^^^^^^^^^^^^^^^^^^^^^^^^^^^^^^
  File "/usr/local/lib/python3.12/site-packages/asyncpg/prepared_stmt.py", line 176, in fetch
    data = await self.__bind_execute(args, 0, timeout)
           ^^^^^^^^^^^^^^^^^^^^^^^^^^^^^^^^^^^^^^^^^^^
  File "/usr/local/lib/python3.12/site-packages/asyncpg/prepared_stmt.py", line 241, in __bind_execute
    data, status, _ = await self.__do_execute(
                      ^^^^^^^^^^^^^^^^^^^^^^^^
  File "/usr/local/lib/python3.12/site-packages/asyncpg/prepared_stmt.py", line 230, in __do_execute
    return await executor(protocol)
           ^^^^^^^^^^^^^^^^^^^^^^^^
  File "asyncpg/protocol/protocol.pyx", line 207, in bind_execute
asyncpg.exceptions.InFailedSQLTransactionError: current transaction is aborted, commands ignored until end of transaction block

The above exception was the direct cause of the following exception:

Traceback (most recent call last):
  File "/usr/local/lib/python3.12/site-packages/sqlalchemy/engine/base.py", line 1960, in _exec_single_context
    self.dialect.do_execute(
  File "/usr/local/lib/python3.12/site-packages/sqlalchemy/engine/default.py", line 924, in do_execute
    cursor.execute(statement, parameters)
  File "/usr/local/lib/python3.12/site-packages/sqlalchemy/dialects/postgresql/asyncpg.py", line 572, in execute
    self._adapt_connection.await_(
  File "/usr/local/lib/python3.12/site-packages/sqlalchemy/util/_concurrency_py3k.py", line 127, in await_only
    return current.driver.switch(awaitable)  # type: ignore[no-any-return]
           ^^^^^^^^^^^^^^^^^^^^^^^^^^^^^^^^
  File "/usr/local/lib/python3.12/site-packages/sqlalchemy/util/_concurrency_py3k.py", line 192, in greenlet_spawn
    value = await result
            ^^^^^^^^^^^^
  File "/usr/local/lib/python3.12/site-packages/sqlalchemy/dialects/postgresql/asyncpg.py", line 550, in _prepare_and_execute
    self._handle_exception(error)
  File "/usr/local/lib/python3.12/site-packages/sqlalchemy/dialects/postgresql/asyncpg.py", line 501, in _handle_exception
    self._adapt_connection._handle_exception(error)
  File "/usr/local/lib/python3.12/site-packages/sqlalchemy/dialects/postgresql/asyncpg.py", line 789, in _handle_exception
    raise translated_error from error
sqlalchemy.dialects.postgresql.asyncpg.AsyncAdapt_asyncpg_dbapi.Error: <class 'asyncpg.exceptions.InFailedSQLTransactionError'>: current transaction is aborted, commands ignored until end of transaction block

The above exception was the direct cause of the following exception:

Traceback (most recent call last):
  File "/usr/local/lib/python3.12/site-packages/uvicorn/protocols/http/httptools_impl.py", line 419, in run_asgi
    result = await app(  # type: ignore[func-returns-value]
             ^^^^^^^^^^^^^^^^^^^^^^^^^^^^^^^^^^^^^^^^^^^^^^
  File "/usr/local/lib/python3.12/site-packages/uvicorn/middleware/proxy_headers.py", line 84, in __call__
    return await self.app(scope, receive, send)
           ^^^^^^^^^^^^^^^^^^^^^^^^^^^^^^^^^^^^
  File "/usr/local/lib/python3.12/site-packages/fastapi/applications.py", line 1054, in __call__
    await super().__call__(scope, receive, send)
  File "/usr/local/lib/python3.12/site-packages/starlette/applications.py", line 123, in __call__
    await self.middleware_stack(scope, receive, send)
  File "/usr/local/lib/python3.12/site-packages/starlette/middleware/errors.py", line 186, in __call__
    raise exc
  File "/usr/local/lib/python3.12/site-packages/starlette/middleware/errors.py", line 164, in __call__
    await self.app(scope, receive, _send)
  File "/usr/local/lib/python3.12/site-packages/starlette/middleware/base.py", line 189, in __call__
    with collapse_excgroups():
         ^^^^^^^^^^^^^^^^^^^^
  File "/usr/local/lib/python3.12/contextlib.py", line 158, in __exit__
    self.gen.throw(value)
  File "/usr/local/lib/python3.12/site-packages/starlette/_utils.py", line 93, in collapse_excgroups
    raise exc
  File "/usr/local/lib/python3.12/site-packages/starlette/middleware/base.py", line 191, in __call__
    response = await self.dispatch_func(request, call_next)
               ^^^^^^^^^^^^^^^^^^^^^^^^^^^^^^^^^^^^^^^^^^^^
  File "/app/app/middleware/api_logger.py", line 26, in api_log_middleware
    response = await call_next(request)
               ^^^^^^^^^^^^^^^^^^^^^^^^
  File "/usr/local/lib/python3.12/site-packages/starlette/middleware/base.py", line 165, in call_next
    raise app_exc
  File "/usr/local/lib/python3.12/site-packages/starlette/middleware/base.py", line 151, in coro
    await self.app(scope, receive_or_disconnect, send_no_error)
  File "/usr/local/lib/python3.12/site-packages/starlette/middleware/cors.py", line 83, in __call__
    await self.app(scope, receive, send)
  File "/usr/local/lib/python3.12/site-packages/starlette/middleware/exceptions.py", line 62, in __call__
    await wrap_app_handling_exceptions(self.app, conn)(scope, receive, send)
  File "/usr/local/lib/python3.12/site-packages/starlette/_exception_handler.py", line 64, in wrapped_app
    raise exc
  File "/usr/local/lib/python3.12/site-packages/starlette/_exception_handler.py", line 53, in wrapped_app
    await app(scope, receive, sender)
  File "/usr/local/lib/python3.12/site-packages/starlette/routing.py", line 758, in __call__
    await self.middleware_stack(scope, receive, send)
  File "/usr/local/lib/python3.12/site-packages/starlette/routing.py", line 778, in app
    await route.handle(scope, receive, send)
  File "/usr/local/lib/python3.12/site-packages/starlette/routing.py", line 299, in handle
    await self.app(scope, receive, send)
  File "/usr/local/lib/python3.12/site-packages/starlette/routing.py", line 79, in app
    await wrap_app_handling_exceptions(app, request)(scope, receive, send)
  File "/usr/local/lib/python3.12/site-packages/starlette/_exception_handler.py", line 64, in wrapped_app
    raise exc
  File "/usr/local/lib/python3.12/site-packages/starlette/_exception_handler.py", line 53, in wrapped_app
    await app(scope, receive, sender)
  File "/usr/local/lib/python3.12/site-packages/starlette/routing.py", line 74, in app
    response = await func(request)
               ^^^^^^^^^^^^^^^^^^^
  File "/usr/local/lib/python3.12/site-packages/fastapi/routing.py", line 299, in app
    raise e
  File "/usr/local/lib/python3.12/site-packages/fastapi/routing.py", line 294, in app
    raw_response = await run_endpoint_function(
                   ^^^^^^^^^^^^^^^^^^^^^^^^^^^^
  File "/usr/local/lib/python3.12/site-packages/fastapi/routing.py", line 191, in run_endpoint_function
    return await dependant.call(**values)
           ^^^^^^^^^^^^^^^^^^^^^^^^^^^^^^
  File "/app/app/api/v1/vitals.py", line 327, in ingest_vitals
    doctor = (await db.execute(select(User).where(User.id == patient.doctor_id))).scalar_one_or_none()
              ^^^^^^^^^^^^^^^^^^^^^^^^^^^^^^^^^^^^^^^^^^^^^^^^^^^^^^^^^^^^^^^^^^
  File "/usr/local/lib/python3.12/site-packages/sqlalchemy/ext/asyncio/session.py", line 452, in execute
    result = await greenlet_spawn(
             ^^^^^^^^^^^^^^^^^^^^^
  File "/usr/local/lib/python3.12/site-packages/sqlalchemy/util/_concurrency_py3k.py", line 197, in greenlet_spawn
    result = context.throw(*sys.exc_info())
             ^^^^^^^^^^^^^^^^^^^^^^^^^^^^^^
  File "/usr/local/lib/python3.12/site-packages/sqlalchemy/orm/session.py", line 2306, in execute
    return self._execute_internal(
           ^^^^^^^^^^^^^^^^^^^^^^^
  File "/usr/local/lib/python3.12/site-packages/sqlalchemy/orm/session.py", line 2191, in _execute_internal
    result: Result[Any] = compile_state_cls.orm_execute_statement(
                          ^^^^^^^^^^^^^^^^^^^^^^^^^^^^^^^^^^^^^^^^
  File "/usr/local/lib/python3.12/site-packages/sqlalchemy/orm/context.py", line 293, in orm_execute_statement
    result = conn.execute(
             ^^^^^^^^^^^^^
  File "/usr/local/lib/python3.12/site-packages/sqlalchemy/engine/base.py", line 1408, in execute
    return meth(
           ^^^^^
  File "/usr/local/lib/python3.12/site-packages/sqlalchemy/sql/elements.py", line 513, in _execute_on_connection
    return connection._execute_clauseelement(
           ^^^^^^^^^^^^^^^^^^^^^^^^^^^^^^^^^^
  File "/usr/local/lib/python3.12/site-packages/sqlalchemy/engine/base.py", line 1630, in _execute_clauseelement
    ret = self._execute_context(
          ^^^^^^^^^^^^^^^^^^^^^^
  File "/usr/local/lib/python3.12/site-packages/sqlalchemy/engine/base.py", line 1839, in _execute_context
    return self._exec_single_context(
           ^^^^^^^^^^^^^^^^^^^^^^^^^^
  File "/usr/local/lib/python3.12/site-packages/sqlalchemy/engine/base.py", line 1979, in _exec_single_context
    self._handle_dbapi_exception(
  File "/usr/local/lib/python3.12/site-packages/sqlalchemy/engine/base.py", line 2335, in _handle_dbapi_exception
    raise sqlalchemy_exception.with_traceback(exc_info[2]) from e
  File "/usr/local/lib/python3.12/site-packages/sqlalchemy/engine/base.py", line 1960, in _exec_single_context
    self.dialect.do_execute(
  File "/usr/local/lib/python3.12/site-packages/sqlalchemy/engine/default.py", line 924, in do_execute
    cursor.execute(statement, parameters)
  File "/usr/local/lib/python3.12/site-packages/sqlalchemy/dialects/postgresql/asyncpg.py", line 572, in execute
    self._adapt_connection.await_(
  File "/usr/local/lib/python3.12/site-packages/sqlalchemy/util/_concurrency_py3k.py", line 127, in await_only
    return current.driver.switch(awaitable)  # type: ignore[no-any-return]
           ^^^^^^^^^^^^^^^^^^^^^^^^^^^^^^^^
  File "/usr/local/lib/python3.12/site-packages/sqlalchemy/util/_concurrency_py3k.py", line 192, in greenlet_spawn
    value = await result
            ^^^^^^^^^^^^
  File "/usr/local/lib/python3.12/site-packages/sqlalchemy/dialects/postgresql/asyncpg.py", line 550, in _prepare_and_execute
    self._handle_exception(error)
  File "/usr/local/lib/python3.12/site-packages/sqlalchemy/dialects/postgresql/asyncpg.py", line 501, in _handle_exception
    self._adapt_connection._handle_exception(error)
  File "/usr/local/lib/python3.12/site-packages/sqlalchemy/dialects/postgresql/asyncpg.py", line 789, in _handle_exception
    raise translated_error from error
sqlalchemy.exc.DBAPIError: (sqlalchemy.dialects.postgresql.asyncpg.Error) <class 'asyncpg.exceptions.InFailedSQLTransactionError'>: current transaction is aborted, commands ignored until end of transaction block
[SQL: SELECT users.id, users.user_id, users.organization_id, users.phone_number, users.full_name, users.role, users.is_active, users.hashed_password, users.created_at, users.user_type 
FROM users 
WHERE users.id = $1::INTEGER]
[parameters: (9,)]
(Background on this error at: https://sqlalche.me/e/20/dbapi)
api_log write failed: (sqlalchemy.dialects.postgresql.asyncpg.ProgrammingError) <class 'asyncpg.exceptions.UndefinedTableError'>: relation "api_logs" does not exist
[SQL: INSERT INTO api_logs (created_at, method, path, status_code, latency_ms, client_host, request_id, error_type, error_detail, traceback) VALUES ($1::TIMESTAMP WITHOUT TIME ZONE, $2::VARCHAR, $3::VARCHAR, $4::INTEGER, $5::INTEGER, $6::VARCHAR, $7::VARCHAR, $8::VARCHAR, $9::VARCHAR, $10::VARCHAR) RETURNING api_logs.id]
[parameters: (datetime.datetime(2026, 9, 3, 8, 34, 29, 715037), 'POST', '/api/v1/vitals/ingest', 200, 9, '172.18.0.1', '2b5ee1495f194679b6d077fa127a4571', None, None, None)]
(Background on this error at: https://sqlalche.me/e/20/f405)
INFO:     172.18.0.1:35364 - "POST /api/v1/vitals/ingest HTTP/1.1" 200 OK
api_log write failed: (sqlalchemy.dialects.postgresql.asyncpg.ProgrammingError) <class 'asyncpg.exceptions.UndefinedTableError'>: relation "api_logs" does not exist
[SQL: INSERT INTO api_logs (created_at, method, path, status_code, latency_ms, client_host, request_id, error_type, error_detail, traceback) VALUES ($1::TIMESTAMP WITHOUT TIME ZONE, $2::VARCHAR, $3::VARCHAR, $4::INTEGER, $5::INTEGER, $6::VARCHAR, $7::VARCHAR, $8::VARCHAR, $9::VARCHAR, $10::VARCHAR) RETURNING api_logs.id]
[parameters: (datetime.datetime(2026, 9, 3, 8, 34, 44, 20732), 'POST', '/api/v1/vitals/ingest', 200, 9, '172.18.0.1', '72169e74ed884d23874b73311fb09000', None, None, None)]
(Background on this error at: https://sqlalche.me/e/20/f405)
INFO:     172.18.0.1:50468 - "POST /api/v1/vitals/ingest HTTP/1.1" 200 OK
api_log purge error: (sqlalchemy.dialects.postgresql.asyncpg.ProgrammingError) <class 'asyncpg.exceptions.UndefinedTableError'>: relation "api_logs" does not exist
[SQL: DELETE FROM api_logs WHERE api_logs.created_at < $1::TIMESTAMP WITHOUT TIME ZONE]
[parameters: (datetime.datetime(2026, 9, 1, 8, 34, 56, 877529),)]
(Background on this error at: https://sqlalche.me/e/20/f405)
api_log write failed: (sqlalchemy.dialects.postgresql.asyncpg.ProgrammingError) <class 'asyncpg.exceptions.UndefinedTableError'>: relation "api_logs" does not exist
[SQL: INSERT INTO api_logs (created_at, method, path, status_code, latency_ms, client_host, request_id, error_type, error_detail, traceback) VALUES ($1::TIMESTAMP WITHOUT TIME ZONE, $2::VARCHAR, $3::VARCHAR, $4::INTEGER, $5::INTEGER, $6::VARCHAR, $7::VARCHAR, $8::VARCHAR, $9::VARCHAR, $10::VARCHAR) RETURNING api_logs.id]
[parameters: (datetime.datetime(2026, 9, 3, 8, 35, 12, 542968), 'POST', '/api/v1/vitals/ingest', 200, 9, '172.18.0.1', '032f729424a54cc1ad3283d9b8865d34', None, None, None)]
(Background on this error at: https://sqlalche.me/e/20/f405)
INFO:     172.18.0.1:59098 - "POST /api/v1/vitals/ingest HTTP/1.1" 200 OK
api_log write failed: (sqlalchemy.dialects.postgresql.asyncpg.ProgrammingError) <class 'asyncpg.exceptions.UndefinedTableError'>: relation "api_logs" does not exist
[SQL: INSERT INTO api_logs (created_at, method, path, status_code, latency_ms, client_host, request_id, error_type, error_detail, traceback) VALUES ($1::TIMESTAMP WITHOUT TIME ZONE, $2::VARCHAR, $3::VARCHAR, $4::INTEGER, $5::INTEGER, $6::VARCHAR, $7::VARCHAR, $8::VARCHAR, $9::VARCHAR, $10::VARCHAR) RETURNING api_logs.id]
[parameters: (datetime.datetime(2026, 9, 3, 8, 35, 16, 489392), 'POST', '/api/v1/vitals/ingest', 200, 9, '172.18.0.1', 'e8caba3239924c398b2669cb3b69629f', None, None, None)]
(Background on this error at: https://sqlalche.me/e/20/f405)
INFO:     172.18.0.1:49178 - "POST /api/v1/vitals/ingest HTTP/1.1" 200 OK
✅ Critical Alert Sent successfully. Response: {'status': 'success', 'hasError': False, 'data': 'Your request is in process, check delivery reports for status', 'errors': None, 'request_id': 'ae604524260d4fb2b8eefb42e5d3e7e7'}
api_log write failed: (sqlalchemy.dialects.postgresql.asyncpg.ProgrammingError) <class 'asyncpg.exceptions.UndefinedTableError'>: relation "api_logs" does not exist
[SQL: INSERT INTO api_logs (created_at, method, path, status_code, latency_ms, client_host, request_id, error_type, error_detail, traceback) VALUES ($1::TIMESTAMP WITHOUT TIME ZONE, $2::VARCHAR, $3::VARCHAR, $4::INTEGER, $5::INTEGER, $6::VARCHAR, $7::VARCHAR, $8::VARCHAR, $9::VARCHAR, $10::VARCHAR) RETURNING api_logs.id]
[parameters: (datetime.datetime(2026, 9, 3, 8, 35, 25, 34255), 'POST', '/api/v1/vitals/ingest', 200, 9, '172.18.0.1', '07fffb418b0f40db9b3819089dc4500e', None, None, None)]
(Background on this error at: https://sqlalche.me/e/20/f405)
INFO:     172.18.0.1:40808 - "POST /api/v1/vitals/ingest HTTP/1.1" 200 OK
api_log write failed: (sqlalchemy.dialects.postgresql.asyncpg.ProgrammingError) <class 'asyncpg.exceptions.UndefinedTableError'>: relation "api_logs" does not exist
[SQL: INSERT INTO api_logs (created_at, method, path, status_code, latency_ms, client_host, request_id, error_type, error_detail, traceback) VALUES ($1::TIMESTAMP WITHOUT TIME ZONE, $2::VARCHAR, $3::VARCHAR, $4::INTEGER, $5::INTEGER, $6::VARCHAR, $7::VARCHAR, $8::VARCHAR, $9::VARCHAR, $10::VARCHAR) RETURNING api_logs.id]
[parameters: (datetime.datetime(2026, 9, 3, 8, 35, 43, 988547), 'POST', '/api/v1/vitals/ingest', 200, 9, '172.18.0.1', '33bfaf89380d4b888e73f9378b4e795f', None, None, None)]
(Background on this error at: https://sqlalche.me/e/20/f405)
INFO:     172.18.0.1:55734 - "POST /api/v1/vitals/ingest HTTP/1.1" 200 OK
api_log purge error: (sqlalchemy.dialects.postgresql.asyncpg.ProgrammingError) <class 'asyncpg.exceptions.UndefinedTableError'>: relation "api_logs" does not exist
[SQL: DELETE FROM api_logs WHERE api_logs.created_at < $1::TIMESTAMP WITHOUT TIME ZONE]
[parameters: (datetime.datetime(2026, 9, 1, 8, 35, 56, 880548),)]
(Background on this error at: https://sqlalche.me/e/20/f405)
api_log write failed: (sqlalchemy.dialects.postgresql.asyncpg.ProgrammingError) <class 'asyncpg.exceptions.UndefinedTableError'>: relation "api_logs" does not exist
[SQL: INSERT INTO api_logs (created_at, method, path, status_code, latency_ms, client_host, request_id, error_type, error_detail, traceback) VALUES ($1::TIMESTAMP WITHOUT TIME ZONE, $2::VARCHAR, $3::VARCHAR, $4::INTEGER, $5::INTEGER, $6::VARCHAR, $7::VARCHAR, $8::VARCHAR, $9::VARCHAR, $10::VARCHAR) RETURNING api_logs.id]
[parameters: (datetime.datetime(2026, 9, 3, 8, 36, 12, 558909), 'POST', '/api/v1/vitals/ingest', 200, 10, '172.18.0.1', 'f273616293aa4c80b6675d882ec869e8', None, None, None)]
(Background on this error at: https://sqlalche.me/e/20/f405)
INFO:     172.18.0.1:60086 - "POST /api/v1/vitals/ingest HTTP/1.1" 200 OK
api_log write failed: (sqlalchemy.dialects.postgresql.asyncpg.ProgrammingError) <class 'asyncpg.exceptions.UndefinedTableError'>: relation "api_logs" does not exist
[SQL: INSERT INTO api_logs (created_at, method, path, status_code, latency_ms, client_host, request_id, error_type, error_detail, traceback) VALUES ($1::TIMESTAMP WITHOUT TIME ZONE, $2::VARCHAR, $3::VARCHAR, $4::INTEGER, $5::INTEGER, $6::VARCHAR, $7::VARCHAR, $8::VARCHAR, $9::VARCHAR, $10::VARCHAR) RETURNING api_logs.id]
[parameters: (datetime.datetime(2026, 9, 3, 8, 36, 15, 331285), 'POST', '/api/v1/vitals/ingest', 200, 9, '172.18.0.1', '8d08c991676f4d06b86c8c7ecda52dd4', None, None, None)]
(Background on this error at: https://sqlalche.me/e/20/f405)
INFO:     172.18.0.1:53968 - "POST /api/v1/vitals/ingest HTTP/1.1" 200 OK
api_log write failed: (sqlalchemy.dialects.postgresql.asyncpg.ProgrammingError) <class 'asyncpg.exceptions.UndefinedTableError'>: relation "api_logs" does not exist
[SQL: INSERT INTO api_logs (created_at, method, path, status_code, latency_ms, client_host, request_id, error_type, error_detail, traceback) VALUES ($1::TIMESTAMP WITHOUT TIME ZONE, $2::VARCHAR, $3::VARCHAR, $4::INTEGER, $5::INTEGER, $6::VARCHAR, $7::VARCHAR, $8::VARCHAR, $9::VARCHAR, $10::VARCHAR) RETURNING api_logs.id]
[parameters: (datetime.datetime(2026, 9, 3, 8, 36, 16, 924960), 'POST', '/api/v1/vitals/ingest', 200, 8, '172.18.0.1', '2e0d9a1330744b13831d6158e61fe555', None, None, None)]
(Background on this error at: https://sqlalche.me/e/20/f405)
INFO:     172.18.0.1:53984 - "POST /api/v1/vitals/ingest HTTP/1.1" 200 OK
api_log write failed: (sqlalchemy.dialects.postgresql.asyncpg.ProgrammingError) <class 'asyncpg.exceptions.UndefinedTableError'>: relation "api_logs" does not exist
[SQL: INSERT INTO api_logs (created_at, method, path, status_code, latency_ms, client_host, request_id, error_type, error_detail, traceback) VALUES ($1::TIMESTAMP WITHOUT TIME ZONE, $2::VARCHAR, $3::VARCHAR, $4::INTEGER, $5::INTEGER, $6::VARCHAR, $7::VARCHAR, $8::VARCHAR, $9::VARCHAR, $10::VARCHAR) RETURNING api_logs.id]
[parameters: (datetime.datetime(2026, 9, 3, 8, 36, 44, 91204), 'POST', '/api/v1/vitals/ingest', 200, 9, '172.18.0.1', '3dcb45a5e0cd4b14825f7213cbf17d31', None, None, None)]
(Background on this error at: https://sqlalche.me/e/20/f405)
INFO:     172.18.0.1:43312 - "POST /api/v1/vitals/ingest HTTP/1.1" 200 OK
api_log purge error: (sqlalchemy.dialects.postgresql.asyncpg.ProgrammingError) <class 'asyncpg.exceptions.UndefinedTableError'>: relation "api_logs" does not exist
[SQL: DELETE FROM api_logs WHERE api_logs.created_at < $1::TIMESTAMP WITHOUT TIME ZONE]
[parameters: (datetime.datetime(2026, 9, 1, 8, 36, 56, 884353),)]
(Background on this error at: https://sqlalche.me/e/20/f405)
api_log write failed: (sqlalchemy.dialects.postgresql.asyncpg.ProgrammingError) <class 'asyncpg.exceptions.UndefinedTableError'>: relation "api_logs" does not exist
[SQL: INSERT INTO api_logs (created_at, method, path, status_code, latency_ms, client_host, request_id, error_type, error_detail, traceback) VALUES ($1::TIMESTAMP WITHOUT TIME ZONE, $2::VARCHAR, $3::VARCHAR, $4::INTEGER, $5::INTEGER, $6::VARCHAR, $7::VARCHAR, $8::VARCHAR, $9::VARCHAR, $10::VARCHAR) RETURNING api_logs.id]
[parameters: (datetime.datetime(2026, 9, 3, 8, 37, 12, 660022), 'POST', '/api/v1/vitals/ingest', 200, 9, '172.18.0.1', 'c9835a0946c64c71a56823bae926bb6f', None, None, None)]
(Background on this error at: https://sqlalche.me/e/20/f405)
INFO:     172.18.0.1:54630 - "POST /api/v1/vitals/ingest HTTP/1.1" 200 OK
api_log write failed: (sqlalchemy.dialects.postgresql.asyncpg.ProgrammingError) <class 'asyncpg.exceptions.UndefinedTableError'>: relation "api_logs" does not exist
[SQL: INSERT INTO api_logs (created_at, method, path, status_code, latency_ms, client_host, request_id, error_type, error_detail, traceback) VALUES ($1::TIMESTAMP WITHOUT TIME ZONE, $2::VARCHAR, $3::VARCHAR, $4::INTEGER, $5::INTEGER, $6::VARCHAR, $7::VARCHAR, $8::VARCHAR, $9::VARCHAR, $10::VARCHAR) RETURNING api_logs.id]
[parameters: (datetime.datetime(2026, 9, 3, 8, 37, 19, 448276), 'POST', '/api/v1/vitals/ingest', 200, 9, '172.18.0.1', '72b526da62a149fdbf9e2cf972197e24', None, None, None)]
(Background on this error at: https://sqlalche.me/e/20/f405)
INFO:     172.18.0.1:52428 - "POST /api/v1/vitals/ingest HTTP/1.1" 200 OK
api_log write failed: (sqlalchemy.dialects.postgresql.asyncpg.ProgrammingError) <class 'asyncpg.exceptions.UndefinedTableError'>: relation "api_logs" does not exist
[SQL: INSERT INTO api_logs (created_at, method, path, status_code, latency_ms, client_host, request_id, error_type, error_detail, traceback) VALUES ($1::TIMESTAMP WITHOUT TIME ZONE, $2::VARCHAR, $3::VARCHAR, $4::INTEGER, $5::INTEGER, $6::VARCHAR, $7::VARCHAR, $8::VARCHAR, $9::VARCHAR, $10::VARCHAR) RETURNING api_logs.id]
[parameters: (datetime.datetime(2026, 9, 3, 8, 37, 43, 990537), 'POST', '/api/v1/vitals/ingest', 200, 9, '172.18.0.1', 'decb0ff1960d4953aef98e78a34908f5', None, None, None)]
(Background on this error at: https://sqlalche.me/e/20/f405)
INFO:     172.18.0.1:38464 - "POST /api/v1/vitals/ingest HTTP/1.1" 200 OK
api_log purge error: (sqlalchemy.dialects.postgresql.asyncpg.ProgrammingError) <class 'asyncpg.exceptions.UndefinedTableError'>: relation "api_logs" does not exist
[SQL: DELETE FROM api_logs WHERE api_logs.created_at < $1::TIMESTAMP WITHOUT TIME ZONE]
[parameters: (datetime.datetime(2026, 9, 1, 8, 37, 56, 888730),)]
(Background on this error at: https://sqlalche.me/e/20/f405)
api_log write failed: (sqlalchemy.dialects.postgresql.asyncpg.ProgrammingError) <class 'asyncpg.exceptions.UndefinedTableError'>: relation "api_logs" does not exist
[SQL: INSERT INTO api_logs (created_at, method, path, status_code, latency_ms, client_host, request_id, error_type, error_detail, traceback) VALUES ($1::TIMESTAMP WITHOUT TIME ZONE, $2::VARCHAR, $3::VARCHAR, $4::INTEGER, $5::INTEGER, $6::VARCHAR, $7::VARCHAR, $8::VARCHAR, $9::VARCHAR, $10::VARCHAR) RETURNING api_logs.id]
[parameters: (datetime.datetime(2026, 9, 3, 8, 38, 12, 721760), 'POST', '/api/v1/vitals/ingest', 200, 9, '172.18.0.1', 'e1c4d14712a441bca4271354b6b8a358', None, None, None)]
(Background on this error at: https://sqlalche.me/e/20/f405)
INFO:     172.18.0.1:43610 - "POST /api/v1/vitals/ingest HTTP/1.1" 200 OK
api_log write failed: (sqlalchemy.dialects.postgresql.asyncpg.ProgrammingError) <class 'asyncpg.exceptions.UndefinedTableError'>: relation "api_logs" does not exist
[SQL: INSERT INTO api_logs (created_at, method, path, status_code, latency_ms, client_host, request_id, error_type, error_detail, traceback) VALUES ($1::TIMESTAMP WITHOUT TIME ZONE, $2::VARCHAR, $3::VARCHAR, $4::INTEGER, $5::INTEGER, $6::VARCHAR, $7::VARCHAR, $8::VARCHAR, $9::VARCHAR, $10::VARCHAR) RETURNING api_logs.id]
[parameters: (datetime.datetime(2026, 9, 3, 8, 38, 21, 789155), 'POST', '/api/v1/vitals/ingest', 200, 8, '172.18.0.1', 'f49c7ef4634240a083450579eaec25bf', None, None, None)]
(Background on this error at: https://sqlalche.me/e/20/f405)
INFO:     172.18.0.1:60702 - "POST /api/v1/vitals/ingest HTTP/1.1" 200 OK
api_log write failed: (sqlalchemy.dialects.postgresql.asyncpg.ProgrammingError) <class 'asyncpg.exceptions.UndefinedTableError'>: relation "api_logs" does not exist
[SQL: INSERT INTO api_logs (created_at, method, path, status_code, latency_ms, client_host, request_id, error_type, error_detail, traceback) VALUES ($1::TIMESTAMP WITHOUT TIME ZONE, $2::VARCHAR, $3::VARCHAR, $4::INTEGER, $5::INTEGER, $6::VARCHAR, $7::VARCHAR, $8::VARCHAR, $9::VARCHAR, $10::VARCHAR) RETURNING api_logs.id]
[parameters: (datetime.datetime(2026, 9, 3, 8, 38, 44, 69904), 'POST', '/api/v1/vitals/ingest', 200, 8, '172.18.0.1', '2480da335e714ecbbfb17c5c2b19528b', None, None, None)]
(Background on this error at: https://sqlalche.me/e/20/f405)
INFO:     172.18.0.1:34328 - "POST /api/v1/vitals/ingest HTTP/1.1" 200 OK
Failed to fetch staff tokens for patient 5: (sqlalchemy.dialects.postgresql.asyncpg.ProgrammingError) <class 'asyncpg.exceptions.UndefinedTableError'>: relation "device_tokens" does not exist
[SQL: SELECT device_tokens.token 
FROM device_tokens 
WHERE device_tokens.user_id IN ($1::INTEGER)]
[parameters: (7,)]
(Background on this error at: https://sqlalche.me/e/20/f405)
api_log write failed: (sqlalchemy.dialects.postgresql.asyncpg.ProgrammingError) <class 'asyncpg.exceptions.UndefinedTableError'>: relation "api_logs" does not exist
[SQL: INSERT INTO api_logs (created_at, method, path, status_code, latency_ms, client_host, request_id, error_type, error_detail, traceback) VALUES ($1::TIMESTAMP WITHOUT TIME ZONE, $2::VARCHAR, $3::VARCHAR, $4::INTEGER, $5::INTEGER, $6::VARCHAR, $7::VARCHAR, $8::VARCHAR, $9::VARCHAR, $10::VARCHAR) RETURNING api_logs.id]
[parameters: (datetime.datetime(2026, 9, 3, 8, 38, 50, 663320), 'POST', '/api/v1/vitals/ingest', 200, 11, '172.18.0.1', '7579c698d11540889de6ea089e019a6d', None, None, None)]
(Background on this error at: https://sqlalche.me/e/20/f405)
INFO:     172.18.0.1:34338 - "POST /api/v1/vitals/ingest HTTP/1.1" 200 OK
api_log purge error: (sqlalchemy.dialects.postgresql.asyncpg.ProgrammingError) <class 'asyncpg.exceptions.UndefinedTableError'>: relation "api_logs" does not exist
[SQL: DELETE FROM api_logs WHERE api_logs.created_at < $1::TIMESTAMP WITHOUT TIME ZONE]
[parameters: (datetime.datetime(2026, 9, 1, 8, 38, 56, 891647),)]
(Background on this error at: https://sqlalche.me/e/20/f405)
api_log write failed: (sqlalchemy.dialects.postgresql.asyncpg.ProgrammingError) <class 'asyncpg.exceptions.UndefinedTableError'>: relation "api_logs" does not exist
[SQL: INSERT INTO api_logs (created_at, method, path, status_code, latency_ms, client_host, request_id, error_type, error_detail, traceback) VALUES ($1::TIMESTAMP WITHOUT TIME ZONE, $2::VARCHAR, $3::VARCHAR, $4::INTEGER, $5::INTEGER, $6::VARCHAR, $7::VARCHAR, $8::VARCHAR, $9::VARCHAR, $10::VARCHAR) RETURNING api_logs.id]
[parameters: (datetime.datetime(2026, 9, 3, 8, 39, 10, 980283), 'POST', '/api/v1/vitals/ingest', 200, 8, '172.18.0.1', 'f51f45814fbc47419af1341285e7ed09', None, None, None)]
(Background on this error at: https://sqlalche.me/e/20/f405)
INFO:     172.18.0.1:42674 - "POST /api/v1/vitals/ingest HTTP/1.1" 200 OK
api_log write failed: (sqlalchemy.dialects.postgresql.asyncpg.ProgrammingError) <class 'asyncpg.exceptions.UndefinedTableError'>: relation "api_logs" does not exist
[SQL: INSERT INTO api_logs (created_at, method, path, status_code, latency_ms, client_host, request_id, error_type, error_detail, traceback) VALUES ($1::TIMESTAMP WITHOUT TIME ZONE, $2::VARCHAR, $3::VARCHAR, $4::INTEGER, $5::INTEGER, $6::VARCHAR, $7::VARCHAR, $8::VARCHAR, $9::VARCHAR, $10::VARCHAR) RETURNING api_logs.id]
[parameters: (datetime.datetime(2026, 9, 3, 8, 39, 12, 556247), 'POST', '/api/v1/vitals/ingest', 200, 9, '172.18.0.1', '9dad7b35be9744af86985081f12adc30', None, None, None)]
(Background on this error at: https://sqlalche.me/e/20/f405)
INFO:     172.18.0.1:42686 - "POST /api/v1/vitals/ingest HTTP/1.1" 200 OK
Failed to fetch staff tokens for patient 27: (sqlalchemy.dialects.postgresql.asyncpg.ProgrammingError) <class 'asyncpg.exceptions.UndefinedTableError'>: relation "device_tokens" does not exist
[SQL: SELECT device_tokens.token 
FROM device_tokens 
WHERE device_tokens.user_id IN ($1::INTEGER)]
[parameters: (9,)]
(Background on this error at: https://sqlalche.me/e/20/f405)
api_log write failed: (sqlalchemy.dialects.postgresql.asyncpg.ProgrammingError) <class 'asyncpg.exceptions.UndefinedTableError'>: relation "api_logs" does not exist
[SQL: INSERT INTO api_logs (created_at, method, path, status_code, latency_ms, client_host, request_id, error_type, error_detail, traceback) VALUES ($1::TIMESTAMP WITHOUT TIME ZONE, $2::VARCHAR, $3::VARCHAR, $4::INTEGER, $5::INTEGER, $6::VARCHAR, $7::VARCHAR, $8::VARCHAR, $9::VARCHAR, $10::VARCHAR) RETURNING api_logs.id]
[parameters: (datetime.datetime(2026, 9, 3, 8, 39, 22, 621360), 'POST', '/api/v1/vitals/ingest', 200, 22, '172.18.0.1', '634d94eec34a4947b37c200cef4f3686', None, None, None)]
(Background on this error at: https://sqlalche.me/e/20/f405)
INFO:     172.18.0.1:52424 - "POST /api/v1/vitals/ingest HTTP/1.1" 200 OK
api_log write failed: (sqlalchemy.dialects.postgresql.asyncpg.ProgrammingError) <class 'asyncpg.exceptions.UndefinedTableError'>: relation "api_logs" does not exist
[SQL: INSERT INTO api_logs (created_at, method, path, status_code, latency_ms, client_host, request_id, error_type, error_detail, traceback) VALUES ($1::TIMESTAMP WITHOUT TIME ZONE, $2::VARCHAR, $3::VARCHAR, $4::INTEGER, $5::INTEGER, $6::VARCHAR, $7::VARCHAR, $8::VARCHAR, $9::VARCHAR, $10::VARCHAR) RETURNING api_logs.id]
[parameters: (datetime.datetime(2026, 9, 3, 8, 39, 31, 351405), 'POST', '/api/v1/vitals/ingest', 200, 9, '172.18.0.1', '4628e636c1fc4a5092f5f7fa856ac632', None, None, None)]
(Background on this error at: https://sqlalche.me/e/20/f405)
INFO:     172.18.0.1:32968 - "POST /api/v1/vitals/ingest HTTP/1.1" 200 OK
INFO:     172.18.0.1:58260 - "POST /api/v1/vitals/ingest HTTP/1.1" 200 OK
api_log write failed: (sqlalchemy.dialects.postgresql.asyncpg.ProgrammingError) <class 'asyncpg.exceptions.UndefinedTableError'>: relation "api_logs" does not exist
[SQL: INSERT INTO api_logs (created_at, method, path, status_code, latency_ms, client_host, request_id, error_type, error_detail, traceback) VALUES ($1::TIMESTAMP WITHOUT TIME ZONE, $2::VARCHAR, $3::VARCHAR, $4::INTEGER, $5::INTEGER, $6::VARCHAR, $7::VARCHAR, $8::VARCHAR, $9::VARCHAR, $10::VARCHAR) RETURNING api_logs.id]
[parameters: (datetime.datetime(2026, 9, 3, 8, 39, 43, 990785), 'POST', '/api/v1/vitals/ingest', 200, 8, '172.18.0.1', '5ef585767b2c49cdbae0be882b0c4664', None, None, None)]
(Background on this error at: https://sqlalche.me/e/20/f405)
api_log purge error: (sqlalchemy.dialects.postgresql.asyncpg.ProgrammingError) <class 'asyncpg.exceptions.UndefinedTableError'>: relation "api_logs" does not exist
[SQL: DELETE FROM api_logs WHERE api_logs.created_at < $1::TIMESTAMP WITHOUT TIME ZONE]
[parameters: (datetime.datetime(2026, 9, 1, 8, 39, 56, 894882),)]
(Background on this error at: https://sqlalche.me/e/20/f405)
api_log write failed: (sqlalchemy.dialects.postgresql.asyncpg.ProgrammingError) <class 'asyncpg.exceptions.UndefinedTableError'>: relation "api_logs" does not exist
[SQL: INSERT INTO api_logs (created_at, method, path, status_code, latency_ms, client_host, request_id, error_type, error_detail, traceback) VALUES ($1::TIMESTAMP WITHOUT TIME ZONE, $2::VARCHAR, $3::VARCHAR, $4::INTEGER, $5::INTEGER, $6::VARCHAR, $7::VARCHAR, $8::VARCHAR, $9::VARCHAR, $10::VARCHAR) RETURNING api_logs.id]
[parameters: (datetime.datetime(2026, 9, 3, 8, 40, 12, 632047), 'POST', '/api/v1/vitals/ingest', 200, 9, '172.18.0.1', 'd213203386914c638cb33b76a52294dc', None, None, None)]
(Background on this error at: https://sqlalche.me/e/20/f405)
INFO:     172.18.0.1:45520 - "POST /api/v1/vitals/ingest HTTP/1.1" 200 OK
api_log write failed: (sqlalchemy.dialects.postgresql.asyncpg.ProgrammingError) <class 'asyncpg.exceptions.UndefinedTableError'>: relation "api_logs" does not exist
[SQL: INSERT INTO api_logs (created_at, method, path, status_code, latency_ms, client_host, request_id, error_type, error_detail, traceback) VALUES ($1::TIMESTAMP WITHOUT TIME ZONE, $2::VARCHAR, $3::VARCHAR, $4::INTEGER, $5::INTEGER, $6::VARCHAR, $7::VARCHAR, $8::VARCHAR, $9::VARCHAR, $10::VARCHAR) RETURNING api_logs.id]
[parameters: (datetime.datetime(2026, 9, 3, 8, 40, 23, 131236), 'POST', '/api/v1/vitals/ingest', 200, 10, '172.18.0.1', 'f947bd8f0a2249f5a5a8f48f6c15328f', None, None, None)]
(Background on this error at: https://sqlalche.me/e/20/f405)
INFO:     172.18.0.1:50320 - "POST /api/v1/vitals/ingest HTTP/1.1" 200 OK
api_log write failed: (sqlalchemy.dialects.postgresql.asyncpg.ProgrammingError) <class 'asyncpg.exceptions.UndefinedTableError'>: relation "api_logs" does not exist
[SQL: INSERT INTO api_logs (created_at, method, path, status_code, latency_ms, client_host, request_id, error_type, error_detail, traceback) VALUES ($1::TIMESTAMP WITHOUT TIME ZONE, $2::VARCHAR, $3::VARCHAR, $4::INTEGER, $5::INTEGER, $6::VARCHAR, $7::VARCHAR, $8::VARCHAR, $9::VARCHAR, $10::VARCHAR) RETURNING api_logs.id]
[parameters: (datetime.datetime(2026, 9, 3, 8, 40, 26, 674237), 'POST', '/api/v1/vitals/ingest', 200, 9, '172.18.0.1', 'f041e7c1777c4117a27d7a8b7fffc17c', None, None, None)]
(Background on this error at: https://sqlalche.me/e/20/f405)
INFO:     172.18.0.1:38300 - "POST /api/v1/vitals/ingest HTTP/1.1" 200 OK
api_log write failed: (sqlalchemy.dialects.postgresql.asyncpg.ProgrammingError) <class 'asyncpg.exceptions.UndefinedTableError'>: relation "api_logs" does not exist
[SQL: INSERT INTO api_logs (created_at, method, path, status_code, latency_ms, client_host, request_id, error_type, error_detail, traceback) VALUES ($1::TIMESTAMP WITHOUT TIME ZONE, $2::VARCHAR, $3::VARCHAR, $4::INTEGER, $5::INTEGER, $6::VARCHAR, $7::VARCHAR, $8::VARCHAR, $9::VARCHAR, $10::VARCHAR) RETURNING api_logs.id]
[parameters: (datetime.datetime(2026, 9, 3, 8, 40, 43, 991019), 'POST', '/api/v1/vitals/ingest', 200, 9, '172.18.0.1', 'f29c2224eaa845c482aeb03b95bd11a0', None, None, None)]
(Background on this error at: https://sqlalche.me/e/20/f405)
INFO:     172.18.0.1:35918 - "POST /api/v1/vitals/ingest HTTP/1.1" 200 OK
api_log purge error: (sqlalchemy.dialects.postgresql.asyncpg.ProgrammingError) <class 'asyncpg.exceptions.UndefinedTableError'>: relation "api_logs" does not exist
[SQL: DELETE FROM api_logs WHERE api_logs.created_at < $1::TIMESTAMP WITHOUT TIME ZONE]
[parameters: (datetime.datetime(2026, 9, 1, 8, 40, 56, 899412),)]
(Background on this error at: https://sqlalche.me/e/20/f405)
api_log write failed: (sqlalchemy.dialects.postgresql.asyncpg.ProgrammingError) <class 'asyncpg.exceptions.UndefinedTableError'>: relation "api_logs" does not exist
[SQL: INSERT INTO api_logs (created_at, method, path, status_code, latency_ms, client_host, request_id, error_type, error_detail, traceback) VALUES ($1::TIMESTAMP WITHOUT TIME ZONE, $2::VARCHAR, $3::VARCHAR, $4::INTEGER, $5::INTEGER, $6::VARCHAR, $7::VARCHAR, $8::VARCHAR, $9::VARCHAR, $10::VARCHAR) RETURNING api_logs.id]
[parameters: (datetime.datetime(2026, 9, 3, 8, 41, 12, 612023), 'POST', '/api/v1/vitals/ingest', 200, 11, '172.18.0.1', '5e8ddb7edcc8432d9756ab53ef39eee8', None, None, None)]
(Background on this error at: https://sqlalche.me/e/20/f405)
INFO:     172.18.0.1:58898 - "POST /api/v1/vitals/ingest HTTP/1.1" 200 OK
✅ Critical Alert Sent successfully. Response: {'status': 'success', 'hasError': False, 'data': 'Your request is in process, check delivery reports for status', 'errors': None, 'request_id': '5f2324d9d0e748c18c1e5d87b2232645'}
api_log write failed: (sqlalchemy.dialects.postgresql.asyncpg.ProgrammingError) <class 'asyncpg.exceptions.UndefinedTableError'>: relation "api_logs" does not exist
[SQL: INSERT INTO api_logs (created_at, method, path, status_code, latency_ms, client_host, request_id, error_type, error_detail, traceback) VALUES ($1::TIMESTAMP WITHOUT TIME ZONE, $2::VARCHAR, $3::VARCHAR, $4::INTEGER, $5::INTEGER, $6::VARCHAR, $7::VARCHAR, $8::VARCHAR, $9::VARCHAR, $10::VARCHAR) RETURNING api_logs.id]
[parameters: (datetime.datetime(2026, 9, 3, 8, 41, 16, 993367), 'POST', '/api/v1/vitals/ingest', 200, 9, '172.18.0.1', '833e895b72414a89bd8925e0769e7e1e', None, None, None)]
(Background on this error at: https://sqlalche.me/e/20/f405)
INFO:     172.18.0.1:46164 - "POST /api/v1/vitals/ingest HTTP/1.1" 200 OK
api_log write failed: (sqlalchemy.dialects.postgresql.asyncpg.ProgrammingError) <class 'asyncpg.exceptions.UndefinedTableError'>: relation "api_logs" does not exist
[SQL: INSERT INTO api_logs (created_at, method, path, status_code, latency_ms, client_host, request_id, error_type, error_detail, traceback) VALUES ($1::TIMESTAMP WITHOUT TIME ZONE, $2::VARCHAR, $3::VARCHAR, $4::INTEGER, $5::INTEGER, $6::VARCHAR, $7::VARCHAR, $8::VARCHAR, $9::VARCHAR, $10::VARCHAR) RETURNING api_logs.id]
[parameters: (datetime.datetime(2026, 9, 3, 8, 41, 23, 350495), 'POST', '/api/v1/vitals/ingest', 200, 9, '172.18.0.1', '29fd77c1a7a4447d8f0829a183191bd2', None, None, None)]
(Background on this error at: https://sqlalche.me/e/20/f405)
INFO:     172.18.0.1:46180 - "POST /api/v1/vitals/ingest HTTP/1.1" 200 OK
api_log write failed: (sqlalchemy.dialects.postgresql.asyncpg.ProgrammingError) <class 'asyncpg.exceptions.UndefinedTableError'>: relation "api_logs" does not exist
[SQL: INSERT INTO api_logs (created_at, method, path, status_code, latency_ms, client_host, request_id, error_type, error_detail, traceback) VALUES ($1::TIMESTAMP WITHOUT TIME ZONE, $2::VARCHAR, $3::VARCHAR, $4::INTEGER, $5::INTEGER, $6::VARCHAR, $7::VARCHAR, $8::VARCHAR, $9::VARCHAR, $10::VARCHAR) RETURNING api_logs.id]
[parameters: (datetime.datetime(2026, 9, 3, 8, 41, 43, 980484), 'POST', '/api/v1/vitals/ingest', 200, 9, '172.18.0.1', 'a57f7a9225bd48dca654a2b92ad155b4', None, None, None)]
(Background on this error at: https://sqlalche.me/e/20/f405)
INFO:     172.18.0.1:50484 - "POST /api/v1/vitals/ingest HTTP/1.1" 200 OK
api_log purge error: (sqlalchemy.dialects.postgresql.asyncpg.ProgrammingError) <class 'asyncpg.exceptions.UndefinedTableError'>: relation "api_logs" does not exist
[SQL: DELETE FROM api_logs WHERE api_logs.created_at < $1::TIMESTAMP WITHOUT TIME ZONE]
[parameters: (datetime.datetime(2026, 9, 1, 8, 41, 56, 903054),)]
(Background on this error at: https://sqlalche.me/e/20/f405)
api_log write failed: (sqlalchemy.dialects.postgresql.asyncpg.ProgrammingError) <class 'asyncpg.exceptions.UndefinedTableError'>: relation "api_logs" does not exist
[SQL: INSERT INTO api_logs (created_at, method, path, status_code, latency_ms, client_host, request_id, error_type, error_detail, traceback) VALUES ($1::TIMESTAMP WITHOUT TIME ZONE, $2::VARCHAR, $3::VARCHAR, $4::INTEGER, $5::INTEGER, $6::VARCHAR, $7::VARCHAR, $8::VARCHAR, $9::VARCHAR, $10::VARCHAR) RETURNING api_logs.id]
[parameters: (datetime.datetime(2026, 9, 3, 8, 42, 12, 604287), 'POST', '/api/v1/vitals/ingest', 200, 10, '172.18.0.1', '7a65e3d8dfc24d80b570cb4ff2167ddc', None, None, None)]
(Background on this error at: https://sqlalche.me/e/20/f405)
INFO:     172.18.0.1:42530 - "POST /api/v1/vitals/ingest HTTP/1.1" 200 OK
api_log write failed: (sqlalchemy.dialects.postgresql.asyncpg.ProgrammingError) <class 'asyncpg.exceptions.UndefinedTableError'>: relation "api_logs" does not exist
[SQL: INSERT INTO api_logs (created_at, method, path, status_code, latency_ms, client_host, request_id, error_type, error_detail, traceback) VALUES ($1::TIMESTAMP WITHOUT TIME ZONE, $2::VARCHAR, $3::VARCHAR, $4::INTEGER, $5::INTEGER, $6::VARCHAR, $7::VARCHAR, $8::VARCHAR, $9::VARCHAR, $10::VARCHAR) RETURNING api_logs.id]
[parameters: (datetime.datetime(2026, 9, 3, 8, 42, 25, 203414), 'POST', '/api/v1/vitals/ingest', 200, 9, '172.18.0.1', '416105cecf4241f089b22d5eea177a2c', None, None, None)]
(Background on this error at: https://sqlalche.me/e/20/f405)
INFO:     172.18.0.1:57292 - "POST /api/v1/vitals/ingest HTTP/1.1" 200 OK
api_log write failed: (sqlalchemy.dialects.postgresql.asyncpg.ProgrammingError) <class 'asyncpg.exceptions.UndefinedTableError'>: relation "api_logs" does not exist
[SQL: INSERT INTO api_logs (created_at, method, path, status_code, latency_ms, client_host, request_id, error_type, error_detail, traceback) VALUES ($1::TIMESTAMP WITHOUT TIME ZONE, $2::VARCHAR, $3::VARCHAR, $4::INTEGER, $5::INTEGER, $6::VARCHAR, $7::VARCHAR, $8::VARCHAR, $9::VARCHAR, $10::VARCHAR) RETURNING api_logs.id]
[parameters: (datetime.datetime(2026, 9, 3, 8, 42, 44, 11087), 'POST', '/api/v1/vitals/ingest', 200, 9, '172.18.0.1', '1d88bac5fec94b028ffbb64f958c78b9', None, None, None)]
(Background on this error at: https://sqlalche.me/e/20/f405)
INFO:     172.18.0.1:49730 - "POST /api/v1/vitals/ingest HTTP/1.1" 200 OK
api_log purge error: (sqlalchemy.dialects.postgresql.asyncpg.ProgrammingError) <class 'asyncpg.exceptions.UndefinedTableError'>: relation "api_logs" does not exist
[SQL: DELETE FROM api_logs WHERE api_logs.created_at < $1::TIMESTAMP WITHOUT TIME ZONE]
[parameters: (datetime.datetime(2026, 9, 1, 8, 42, 56, 907755),)]
(Background on this error at: https://sqlalche.me/e/20/f405)
api_log write failed: (sqlalchemy.dialects.postgresql.asyncpg.ProgrammingError) <class 'asyncpg.exceptions.UndefinedTableError'>: relation "api_logs" does not exist
[SQL: INSERT INTO api_logs (created_at, method, path, status_code, latency_ms, client_host, request_id, error_type, error_detail, traceback) VALUES ($1::TIMESTAMP WITHOUT TIME ZONE, $2::VARCHAR, $3::VARCHAR, $4::INTEGER, $5::INTEGER, $6::VARCHAR, $7::VARCHAR, $8::VARCHAR, $9::VARCHAR, $10::VARCHAR) RETURNING api_logs.id]
[parameters: (datetime.datetime(2026, 9, 3, 8, 43, 12, 663306), 'POST', '/api/v1/vitals/ingest', 200, 9, '172.18.0.1', 'e472ed165fe049d3af6c6fc70e624042', None, None, None)]
(Background on this error at: https://sqlalche.me/e/20/f405)
INFO:     172.18.0.1:58188 - "POST /api/v1/vitals/ingest HTTP/1.1" 200 OK
Failed to fetch staff tokens for patient 27: (sqlalchemy.dialects.postgresql.asyncpg.ProgrammingError) <class 'asyncpg.exceptions.UndefinedTableError'>: relation "device_tokens" does not exist
[SQL: SELECT device_tokens.token 
FROM device_tokens 
WHERE device_tokens.user_id IN ($1::INTEGER)]
[parameters: (9,)]
(Background on this error at: https://sqlalche.me/e/20/f405)
api_log write failed: (sqlalchemy.dialects.postgresql.asyncpg.ProgrammingError) <class 'asyncpg.exceptions.UndefinedTableError'>: relation "api_logs" does not exist
[SQL: INSERT INTO api_logs (created_at, method, path, status_code, latency_ms, client_host, request_id, error_type, error_detail, traceback) VALUES ($1::TIMESTAMP WITHOUT TIME ZONE, $2::VARCHAR, $3::VARCHAR, $4::INTEGER, $5::INTEGER, $6::VARCHAR, $7::VARCHAR, $8::VARCHAR, $9::VARCHAR, $10::VARCHAR) RETURNING api_logs.id]
[parameters: (datetime.datetime(2026, 9, 3, 8, 43, 25, 665688), 'POST', '/api/v1/vitals/ingest', 200, 12, '172.18.0.1', '4ade10538cf849749e2b808adbf504e7', None, None, None)]
(Background on this error at: https://sqlalche.me/e/20/f405)
INFO:     172.18.0.1:46318 - "POST /api/v1/vitals/ingest HTTP/1.1" 200 OK
api_log write failed: (sqlalchemy.dialects.postgresql.asyncpg.ProgrammingError) <class 'asyncpg.exceptions.UndefinedTableError'>: relation "api_logs" does not exist
[SQL: INSERT INTO api_logs (created_at, method, path, status_code, latency_ms, client_host, request_id, error_type, error_detail, traceback) VALUES ($1::TIMESTAMP WITHOUT TIME ZONE, $2::VARCHAR, $3::VARCHAR, $4::INTEGER, $5::INTEGER, $6::VARCHAR, $7::VARCHAR, $8::VARCHAR, $9::VARCHAR, $10::VARCHAR) RETURNING api_logs.id]
[parameters: (datetime.datetime(2026, 9, 3, 8, 43, 43, 985044), 'POST', '/api/v1/vitals/ingest', 200, 9, '172.18.0.1', '1ad90a76b5dd444c82813f44b2b134a1', None, None, None)]
(Background on this error at: https://sqlalche.me/e/20/f405)
INFO:     172.18.0.1:38894 - "POST /api/v1/vitals/ingest HTTP/1.1" 200 OK
Failed to fetch staff tokens for patient 5: (sqlalchemy.dialects.postgresql.asyncpg.ProgrammingError) <class 'asyncpg.exceptions.UndefinedTableError'>: relation "device_tokens" does not exist
[SQL: SELECT device_tokens.token 
FROM device_tokens 
WHERE device_tokens.user_id IN ($1::INTEGER)]
[parameters: (7,)]
(Background on this error at: https://sqlalche.me/e/20/f405)
api_log write failed: (sqlalchemy.dialects.postgresql.asyncpg.ProgrammingError) <class 'asyncpg.exceptions.UndefinedTableError'>: relation "api_logs" does not exist
[SQL: INSERT INTO api_logs (created_at, method, path, status_code, latency_ms, client_host, request_id, error_type, error_detail, traceback) VALUES ($1::TIMESTAMP WITHOUT TIME ZONE, $2::VARCHAR, $3::VARCHAR, $4::INTEGER, $5::INTEGER, $6::VARCHAR, $7::VARCHAR, $8::VARCHAR, $9::VARCHAR, $10::VARCHAR) RETURNING api_logs.id]
[parameters: (datetime.datetime(2026, 9, 3, 8, 43, 52, 306566), 'POST', '/api/v1/vitals/ingest', 200, 11, '172.18.0.1', '3fa9a94179e246ce8ac929a4610e92d2', None, None, None)]
(Background on this error at: https://sqlalche.me/e/20/f405)
INFO:     172.18.0.1:38908 - "POST /api/v1/vitals/ingest HTTP/1.1" 200 OK
api_log purge error: (sqlalchemy.dialects.postgresql.asyncpg.ProgrammingError) <class 'asyncpg.exceptions.UndefinedTableError'>: relation "api_logs" does not exist
[SQL: DELETE FROM api_logs WHERE api_logs.created_at < $1::TIMESTAMP WITHOUT TIME ZONE]
[parameters: (datetime.datetime(2026, 9, 1, 8, 43, 56, 912729),)]
(Background on this error at: https://sqlalche.me/e/20/f405)
api_log write failed: (sqlalchemy.dialects.postgresql.asyncpg.ProgrammingError) <class 'asyncpg.exceptions.UndefinedTableError'>: relation "api_logs" does not exist
[SQL: INSERT INTO api_logs (created_at, method, path, status_code, latency_ms, client_host, request_id, error_type, error_detail, traceback) VALUES ($1::TIMESTAMP WITHOUT TIME ZONE, $2::VARCHAR, $3::VARCHAR, $4::INTEGER, $5::INTEGER, $6::VARCHAR, $7::VARCHAR, $8::VARCHAR, $9::VARCHAR, $10::VARCHAR) RETURNING api_logs.id]
[parameters: (datetime.datetime(2026, 9, 3, 8, 44, 12, 581406), 'POST', '/api/v1/vitals/ingest', 200, 9, '172.18.0.1', 'c5b054c7f55a493c900f031495446750', None, None, None)]
(Background on this error at: https://sqlalche.me/e/20/f405)
INFO:     172.18.0.1:48638 - "POST /api/v1/vitals/ingest HTTP/1.1" 200 OK
api_log write failed: (sqlalchemy.dialects.postgresql.asyncpg.ProgrammingError) <class 'asyncpg.exceptions.UndefinedTableError'>: relation "api_logs" does not exist
[SQL: INSERT INTO api_logs (created_at, method, path, status_code, latency_ms, client_host, request_id, error_type, error_detail, traceback) VALUES ($1::TIMESTAMP WITHOUT TIME ZONE, $2::VARCHAR, $3::VARCHAR, $4::INTEGER, $5::INTEGER, $6::VARCHAR, $7::VARCHAR, $8::VARCHAR, $9::VARCHAR, $10::VARCHAR) RETURNING api_logs.id]
[parameters: (datetime.datetime(2026, 9, 3, 8, 44, 12, 645241), 'POST', '/api/v1/vitals/ingest', 200, 9, '172.18.0.1', 'f0670c0e14f2416ca4607c2c2ddab2b0', None, None, None)]
(Background on this error at: https://sqlalche.me/e/20/f405)
INFO:     172.18.0.1:48654 - "POST /api/v1/vitals/ingest HTTP/1.1" 200 OK
✅ Critical Alert Sent successfully. Response: {'status': 'success', 'hasError': False, 'data': 'Your request is in process, check delivery reports for status', 'errors': None, 'request_id': '7979e314ee0849449f06a78e71f3c10c'}
api_log write failed: (sqlalchemy.dialects.postgresql.asyncpg.ProgrammingError) <class 'asyncpg.exceptions.UndefinedTableError'>: relation "api_logs" does not exist
[SQL: INSERT INTO api_logs (created_at, method, path, status_code, latency_ms, client_host, request_id, error_type, error_detail, traceback) VALUES ($1::TIMESTAMP WITHOUT TIME ZONE, $2::VARCHAR, $3::VARCHAR, $4::INTEGER, $5::INTEGER, $6::VARCHAR, $7::VARCHAR, $8::VARCHAR, $9::VARCHAR, $10::VARCHAR) RETURNING api_logs.id]
[parameters: (datetime.datetime(2026, 9, 3, 8, 44, 26, 532653), 'POST', '/api/v1/vitals/ingest', 200, 9, '172.18.0.1', 'c3bb4334fa144e4db035766250d7d44e', None, None, None)]
(Background on this error at: https://sqlalche.me/e/20/f405)
INFO:     172.18.0.1:51578 - "POST /api/v1/vitals/ingest HTTP/1.1" 200 OK
api_log write failed: (sqlalchemy.dialects.postgresql.asyncpg.ProgrammingError) <class 'asyncpg.exceptions.UndefinedTableError'>: relation "api_logs" does not exist
[SQL: INSERT INTO api_logs (created_at, method, path, status_code, latency_ms, client_host, request_id, error_type, error_detail, traceback) VALUES ($1::TIMESTAMP WITHOUT TIME ZONE, $2::VARCHAR, $3::VARCHAR, $4::INTEGER, $5::INTEGER, $6::VARCHAR, $7::VARCHAR, $8::VARCHAR, $9::VARCHAR, $10::VARCHAR) RETURNING api_logs.id]
[parameters: (datetime.datetime(2026, 9, 3, 8, 44, 32, 944648), 'POST', '/api/v1/vitals/ingest', 200, 8, '172.18.0.1', '5f8c0f8c5a414c4eb257c324f9fe7d8c', None, None, None)]
(Background on this error at: https://sqlalche.me/e/20/f405)
INFO:     172.18.0.1:51584 - "POST /api/v1/vitals/ingest HTTP/1.1" 200 OK
api_log write failed: (sqlalchemy.dialects.postgresql.asyncpg.ProgrammingError) <class 'asyncpg.exceptions.UndefinedTableError'>: relation "api_logs" does not exist
[SQL: INSERT INTO api_logs (created_at, method, path, status_code, latency_ms, client_host, request_id, error_type, error_detail, traceback) VALUES ($1::TIMESTAMP WITHOUT TIME ZONE, $2::VARCHAR, $3::VARCHAR, $4::INTEGER, $5::INTEGER, $6::VARCHAR, $7::VARCHAR, $8::VARCHAR, $9::VARCHAR, $10::VARCHAR) RETURNING api_logs.id]
[parameters: (datetime.datetime(2026, 9, 3, 8, 44, 44, 4962), 'POST', '/api/v1/vitals/ingest', 200, 8, '172.18.0.1', '2f7e2d54e5914af8ac1acd7832e91838', None, None, None)]
(Background on this error at: https://sqlalche.me/e/20/f405)
INFO:     172.18.0.1:47614 - "POST /api/v1/vitals/ingest HTTP/1.1" 200 OK
api_log purge error: (sqlalchemy.dialects.postgresql.asyncpg.ProgrammingError) <class 'asyncpg.exceptions.UndefinedTableError'>: relation "api_logs" does not exist
[SQL: DELETE FROM api_logs WHERE api_logs.created_at < $1::TIMESTAMP WITHOUT TIME ZONE]
[parameters: (datetime.datetime(2026, 9, 1, 8, 44, 56, 916444),)]
(Background on this error at: https://sqlalche.me/e/20/f405)
Failed to fetch staff tokens for patient 29: (sqlalchemy.dialects.postgresql.asyncpg.ProgrammingError) <class 'asyncpg.exceptions.UndefinedTableError'>: relation "device_tokens" does not exist
[SQL: SELECT device_tokens.token 
FROM device_tokens 
WHERE device_tokens.user_id IN ($1::INTEGER)]
[parameters: (9,)]
(Background on this error at: https://sqlalche.me/e/20/f405)
api_log write failed: (sqlalchemy.dialects.postgresql.asyncpg.ProgrammingError) <class 'asyncpg.exceptions.UndefinedTableError'>: relation "api_logs" does not exist
[SQL: INSERT INTO api_logs (created_at, method, path, status_code, latency_ms, client_host, request_id, error_type, error_detail, traceback) VALUES ($1::TIMESTAMP WITHOUT TIME ZONE, $2::VARCHAR, $3::VARCHAR, $4::INTEGER, $5::INTEGER, $6::VARCHAR, $7::VARCHAR, $8::VARCHAR, $9::VARCHAR, $10::VARCHAR) RETURNING api_logs.id]
[parameters: (datetime.datetime(2026, 9, 3, 8, 45, 12, 606620), 'POST', '/api/v1/vitals/ingest', 200, 11, '172.18.0.1', 'be4e83431ce24f9fa891d5ce5e7dcae9', None, None, None)]
(Background on this error at: https://sqlalche.me/e/20/f405)
INFO:     172.18.0.1:38702 - "POST /api/v1/vitals/ingest HTTP/1.1" 200 OK
api_log write failed: (sqlalchemy.dialects.postgresql.asyncpg.ProgrammingError) <class 'asyncpg.exceptions.UndefinedTableError'>: relation "api_logs" does not exist
[SQL: INSERT INTO api_logs (created_at, method, path, status_code, latency_ms, client_host, request_id, error_type, error_detail, traceback) VALUES ($1::TIMESTAMP WITHOUT TIME ZONE, $2::VARCHAR, $3::VARCHAR, $4::INTEGER, $5::INTEGER, $6::VARCHAR, $7::VARCHAR, $8::VARCHAR, $9::VARCHAR, $10::VARCHAR) RETURNING api_logs.id]
[parameters: (datetime.datetime(2026, 9, 3, 8, 45, 28, 377397), 'POST', '/api/v1/vitals/ingest', 200, 9, '172.18.0.1', 'cca3da28689f418d952bb72ec8751269', None, None, None)]
(Background on this error at: https://sqlalche.me/e/20/f405)
INFO:     172.18.0.1:34194 - "POST /api/v1/vitals/ingest HTTP/1.1" 200 OK
api_log write failed: (sqlalchemy.dialects.postgresql.asyncpg.ProgrammingError) <class 'asyncpg.exceptions.UndefinedTableError'>: relation "api_logs" does not exist
[SQL: INSERT INTO api_logs (created_at, method, path, status_code, latency_ms, client_host, request_id, error_type, error_detail, traceback) VALUES ($1::TIMESTAMP WITHOUT TIME ZONE, $2::VARCHAR, $3::VARCHAR, $4::INTEGER, $5::INTEGER, $6::VARCHAR, $7::VARCHAR, $8::VARCHAR, $9::VARCHAR, $10::VARCHAR) RETURNING api_logs.id]
[parameters: (datetime.datetime(2026, 9, 3, 8, 45, 28, 443346), 'POST', '/api/v1/vitals/ingest', 200, 9, '172.18.0.1', '6af0519b5bea48c7bf58400a36c7708f', None, None, None)]
(Background on this error at: https://sqlalche.me/e/20/f405)
INFO:     172.18.0.1:34198 - "POST /api/v1/vitals/ingest HTTP/1.1" 200 OK
api_log write failed: (sqlalchemy.dialects.postgresql.asyncpg.ProgrammingError) <class 'asyncpg.exceptions.UndefinedTableError'>: relation "api_logs" does not exist
[SQL: INSERT INTO api_logs (created_at, method, path, status_code, latency_ms, client_host, request_id, error_type, error_detail, traceback) VALUES ($1::TIMESTAMP WITHOUT TIME ZONE, $2::VARCHAR, $3::VARCHAR, $4::INTEGER, $5::INTEGER, $6::VARCHAR, $7::VARCHAR, $8::VARCHAR, $9::VARCHAR, $10::VARCHAR) RETURNING api_logs.id]
[parameters: (datetime.datetime(2026, 9, 3, 8, 45, 44, 5253), 'POST', '/api/v1/vitals/ingest', 200, 10, '172.18.0.1', '101947513c53429c99c5698379ea1a6c', None, None, None)]
(Background on this error at: https://sqlalche.me/e/20/f405)
INFO:     172.18.0.1:58496 - "POST /api/v1/vitals/ingest HTTP/1.1" 200 OK
api_log purge error: (sqlalchemy.dialects.postgresql.asyncpg.ProgrammingError) <class 'asyncpg.exceptions.UndefinedTableError'>: relation "api_logs" does not exist
[SQL: DELETE FROM api_logs WHERE api_logs.created_at < $1::TIMESTAMP WITHOUT TIME ZONE]
[parameters: (datetime.datetime(2026, 9, 1, 8, 45, 56, 920193),)]
(Background on this error at: https://sqlalche.me/e/20/f405)
api_log write failed: (sqlalchemy.dialects.postgresql.asyncpg.ProgrammingError) <class 'asyncpg.exceptions.UndefinedTableError'>: relation "api_logs" does not exist
[SQL: INSERT INTO api_logs (created_at, method, path, status_code, latency_ms, client_host, request_id, error_type, error_detail, traceback) VALUES ($1::TIMESTAMP WITHOUT TIME ZONE, $2::VARCHAR, $3::VARCHAR, $4::INTEGER, $5::INTEGER, $6::VARCHAR, $7::VARCHAR, $8::VARCHAR, $9::VARCHAR, $10::VARCHAR) RETURNING api_logs.id]
[parameters: (datetime.datetime(2026, 9, 3, 8, 46, 12, 601507), 'POST', '/api/v1/vitals/ingest', 200, 9, '172.18.0.1', '8f66af4327334d68bd9990d407b3fdb4', None, None, None)]
(Background on this error at: https://sqlalche.me/e/20/f405)
INFO:     172.18.0.1:56386 - "POST /api/v1/vitals/ingest HTTP/1.1" 200 OK
api_log write failed: (sqlalchemy.dialects.postgresql.asyncpg.ProgrammingError) <class 'asyncpg.exceptions.UndefinedTableError'>: relation "api_logs" does not exist
[SQL: INSERT INTO api_logs (created_at, method, path, status_code, latency_ms, client_host, request_id, error_type, error_detail, traceback) VALUES ($1::TIMESTAMP WITHOUT TIME ZONE, $2::VARCHAR, $3::VARCHAR, $4::INTEGER, $5::INTEGER, $6::VARCHAR, $7::VARCHAR, $8::VARCHAR, $9::VARCHAR, $10::VARCHAR) RETURNING api_logs.id]
[parameters: (datetime.datetime(2026, 9, 3, 8, 46, 18, 704222), 'POST', '/api/v1/vitals/ingest', 200, 8, '172.18.0.1', 'c5b11cbfe4cc4e898f6eddfb42a70929', None, None, None)]
(Background on this error at: https://sqlalche.me/e/20/f405)
INFO:     172.18.0.1:52282 - "POST /api/v1/vitals/ingest HTTP/1.1" 200 OK
api_log write failed: (sqlalchemy.dialects.postgresql.asyncpg.ProgrammingError) <class 'asyncpg.exceptions.UndefinedTableError'>: relation "api_logs" does not exist
[SQL: INSERT INTO api_logs (created_at, method, path, status_code, latency_ms, client_host, request_id, error_type, error_detail, traceback) VALUES ($1::TIMESTAMP WITHOUT TIME ZONE, $2::VARCHAR, $3::VARCHAR, $4::INTEGER, $5::INTEGER, $6::VARCHAR, $7::VARCHAR, $8::VARCHAR, $9::VARCHAR, $10::VARCHAR) RETURNING api_logs.id]
[parameters: (datetime.datetime(2026, 9, 3, 8, 46, 29, 772127), 'POST', '/api/v1/vitals/ingest', 200, 9, '172.18.0.1', '4a9f8abac8c34fb29aba7c747b8b67ee', None, None, None)]
(Background on this error at: https://sqlalche.me/e/20/f405)
INFO:     172.18.0.1:39636 - "POST /api/v1/vitals/ingest HTTP/1.1" 200 OK
api_log write failed: (sqlalchemy.dialects.postgresql.asyncpg.ProgrammingError) <class 'asyncpg.exceptions.UndefinedTableError'>: relation "api_logs" does not exist
[SQL: INSERT INTO api_logs (created_at, method, path, status_code, latency_ms, client_host, request_id, error_type, error_detail, traceback) VALUES ($1::TIMESTAMP WITHOUT TIME ZONE, $2::VARCHAR, $3::VARCHAR, $4::INTEGER, $5::INTEGER, $6::VARCHAR, $7::VARCHAR, $8::VARCHAR, $9::VARCHAR, $10::VARCHAR) RETURNING api_logs.id]
[parameters: (datetime.datetime(2026, 9, 3, 8, 46, 37, 602227), 'POST', '/api/v1/vitals/ingest', 200, 9, '172.18.0.1', 'f60f65c83d3c44bba0024ab993c28f7c', None, None, None)]
(Background on this error at: https://sqlalche.me/e/20/f405)
INFO:     172.18.0.1:38608 - "POST /api/v1/vitals/ingest HTTP/1.1" 200 OK
✅ Critical Alert Sent successfully. Response: {'status': 'success', 'hasError': False, 'data': 'Your request is in process, check delivery reports for status', 'errors': None, 'request_id': '46cf54d476ad4a3d8490f67fe43d4117'}
api_log write failed: (sqlalchemy.dialects.postgresql.asyncpg.ProgrammingError) <class 'asyncpg.exceptions.UndefinedTableError'>: relation "api_logs" does not exist
[SQL: INSERT INTO api_logs (created_at, method, path, status_code, latency_ms, client_host, request_id, error_type, error_detail, traceback) VALUES ($1::TIMESTAMP WITHOUT TIME ZONE, $2::VARCHAR, $3::VARCHAR, $4::INTEGER, $5::INTEGER, $6::VARCHAR, $7::VARCHAR, $8::VARCHAR, $9::VARCHAR, $10::VARCHAR) RETURNING api_logs.id]
[parameters: (datetime.datetime(2026, 9, 3, 8, 46, 43, 975450), 'POST', '/api/v1/vitals/ingest', 200, 9, '172.18.0.1', '516f11b27dc94f01ad9c4df5587604fc', None, None, None)]
(Background on this error at: https://sqlalche.me/e/20/f405)
INFO:     172.18.0.1:37094 - "POST /api/v1/vitals/ingest HTTP/1.1" 200 OK
api_log purge error: (sqlalchemy.dialects.postgresql.asyncpg.ProgrammingError) <class 'asyncpg.exceptions.UndefinedTableError'>: relation "api_logs" does not exist
[SQL: DELETE FROM api_logs WHERE api_logs.created_at < $1::TIMESTAMP WITHOUT TIME ZONE]
[parameters: (datetime.datetime(2026, 9, 1, 8, 46, 56, 921921),)]
(Background on this error at: https://sqlalche.me/e/20/f405)
api_log write failed: (sqlalchemy.dialects.postgresql.asyncpg.ProgrammingError) <class 'asyncpg.exceptions.UndefinedTableError'>: relation "api_logs" does not exist
[SQL: INSERT INTO api_logs (created_at, method, path, status_code, latency_ms, client_host, request_id, error_type, error_detail, traceback) VALUES ($1::TIMESTAMP WITHOUT TIME ZONE, $2::VARCHAR, $3::VARCHAR, $4::INTEGER, $5::INTEGER, $6::VARCHAR, $7::VARCHAR, $8::VARCHAR, $9::VARCHAR, $10::VARCHAR) RETURNING api_logs.id]
[parameters: (datetime.datetime(2026, 9, 3, 8, 47, 29, 872413), 'POST', '/api/v1/vitals/ingest', 200, 9, '172.18.0.1', '8eee9f1daeac4ea7b1a0f11081675842', None, None, None)]
(Background on this error at: https://sqlalche.me/e/20/f405)
INFO:     172.18.0.1:60472 - "POST /api/v1/vitals/ingest HTTP/1.1" 200 OK
api_log write failed: (sqlalchemy.dialects.postgresql.asyncpg.ProgrammingError) <class 'asyncpg.exceptions.UndefinedTableError'>: relation "api_logs" does not exist
[SQL: INSERT INTO api_logs (created_at, method, path, status_code, latency_ms, client_host, request_id, error_type, error_detail, traceback) VALUES ($1::TIMESTAMP WITHOUT TIME ZONE, $2::VARCHAR, $3::VARCHAR, $4::INTEGER, $5::INTEGER, $6::VARCHAR, $7::VARCHAR, $8::VARCHAR, $9::VARCHAR, $10::VARCHAR) RETURNING api_logs.id]
[parameters: (datetime.datetime(2026, 9, 3, 8, 47, 43, 609386), 'POST', '/api/v1/vitals/ingest', 200, 9, '172.18.0.1', 'f08ad831c9c04c94a22dde47d4769cfe', None, None, None)]
(Background on this error at: https://sqlalche.me/e/20/f405)
INFO:     172.18.0.1:42022 - "POST /api/v1/vitals/ingest HTTP/1.1" 200 OK
api_log write failed: (sqlalchemy.dialects.postgresql.asyncpg.ProgrammingError) <class 'asyncpg.exceptions.UndefinedTableError'>: relation "api_logs" does not exist
[SQL: INSERT INTO api_logs (created_at, method, path, status_code, latency_ms, client_host, request_id, error_type, error_detail, traceback) VALUES ($1::TIMESTAMP WITHOUT TIME ZONE, $2::VARCHAR, $3::VARCHAR, $4::INTEGER, $5::INTEGER, $6::VARCHAR, $7::VARCHAR, $8::VARCHAR, $9::VARCHAR, $10::VARCHAR) RETURNING api_logs.id]
[parameters: (datetime.datetime(2026, 9, 3, 8, 47, 43, 983979), 'POST', '/api/v1/vitals/ingest', 200, 10, '172.18.0.1', 'f548f11babf34c1abdeee7872a6edc50', None, None, None)]
(Background on this error at: https://sqlalche.me/e/20/f405)
INFO:     172.18.0.1:60106 - "POST /api/v1/vitals/ingest HTTP/1.1" 200 OK
api_log purge error: (sqlalchemy.dialects.postgresql.asyncpg.ProgrammingError) <class 'asyncpg.exceptions.UndefinedTableError'>: relation "api_logs" does not exist
[SQL: DELETE FROM api_logs WHERE api_logs.created_at < $1::TIMESTAMP WITHOUT TIME ZONE]
[parameters: (datetime.datetime(2026, 9, 1, 8, 47, 56, 926510),)]
(Background on this error at: https://sqlalche.me/e/20/f405)
api_log write failed: (sqlalchemy.dialects.postgresql.asyncpg.ProgrammingError) <class 'asyncpg.exceptions.UndefinedTableError'>: relation "api_logs" does not exist
[SQL: INSERT INTO api_logs (created_at, method, path, status_code, latency_ms, client_host, request_id, error_type, error_detail, traceback) VALUES ($1::TIMESTAMP WITHOUT TIME ZONE, $2::VARCHAR, $3::VARCHAR, $4::INTEGER, $5::INTEGER, $6::VARCHAR, $7::VARCHAR, $8::VARCHAR, $9::VARCHAR, $10::VARCHAR) RETURNING api_logs.id]
[parameters: (datetime.datetime(2026, 9, 3, 8, 48, 30, 745906), 'POST', '/api/v1/vitals/ingest', 200, 8, '172.18.0.1', 'a07b4386e7c74576bd0e1bd7880a530a', None, None, None)]
(Background on this error at: https://sqlalche.me/e/20/f405)
INFO:     172.18.0.1:39096 - "POST /api/v1/vitals/ingest HTTP/1.1" 200 OK
api_log write failed: (sqlalchemy.dialects.postgresql.asyncpg.ProgrammingError) <class 'asyncpg.exceptions.UndefinedTableError'>: relation "api_logs" does not exist
[SQL: INSERT INTO api_logs (created_at, method, path, status_code, latency_ms, client_host, request_id, error_type, error_detail, traceback) VALUES ($1::TIMESTAMP WITHOUT TIME ZONE, $2::VARCHAR, $3::VARCHAR, $4::INTEGER, $5::INTEGER, $6::VARCHAR, $7::VARCHAR, $8::VARCHAR, $9::VARCHAR, $10::VARCHAR) RETURNING api_logs.id]
[parameters: (datetime.datetime(2026, 9, 3, 8, 48, 43, 741339), 'POST', '/api/v1/vitals/ingest', 200, 9, '172.18.0.1', 'e32b311debff4c7bbcb6b32921d3ec6c', None, None, None)]
(Background on this error at: https://sqlalche.me/e/20/f405)
INFO:     172.18.0.1:44010 - "POST /api/v1/vitals/ingest HTTP/1.1" 200 OK
api_log write failed: (sqlalchemy.dialects.postgresql.asyncpg.ProgrammingError) <class 'asyncpg.exceptions.UndefinedTableError'>: relation "api_logs" does not exist
[SQL: INSERT INTO api_logs (created_at, method, path, status_code, latency_ms, client_host, request_id, error_type, error_detail, traceback) VALUES ($1::TIMESTAMP WITHOUT TIME ZONE, $2::VARCHAR, $3::VARCHAR, $4::INTEGER, $5::INTEGER, $6::VARCHAR, $7::VARCHAR, $8::VARCHAR, $9::VARCHAR, $10::VARCHAR) RETURNING api_logs.id]
[parameters: (datetime.datetime(2026, 9, 3, 8, 48, 44, 2937), 'POST', '/api/v1/vitals/ingest', 200, 8, '172.18.0.1', 'a02f39b52abc426e9ce3f3c4eb54bf4a', None, None, None)]
(Background on this error at: https://sqlalche.me/e/20/f405)
INFO:     172.18.0.1:41824 - "POST /api/v1/vitals/ingest HTTP/1.1" 200 OK
Failed to fetch staff tokens for patient 5: (sqlalchemy.dialects.postgresql.asyncpg.ProgrammingError) <class 'asyncpg.exceptions.UndefinedTableError'>: relation "device_tokens" does not exist
[SQL: SELECT device_tokens.token 
FROM device_tokens 
WHERE device_tokens.user_id IN ($1::INTEGER)]
[parameters: (7,)]
(Background on this error at: https://sqlalche.me/e/20/f405)
api_log write failed: (sqlalchemy.dialects.postgresql.asyncpg.ProgrammingError) <class 'asyncpg.exceptions.UndefinedTableError'>: relation "api_logs" does not exist
[SQL: INSERT INTO api_logs (created_at, method, path, status_code, latency_ms, client_host, request_id, error_type, error_detail, traceback) VALUES ($1::TIMESTAMP WITHOUT TIME ZONE, $2::VARCHAR, $3::VARCHAR, $4::INTEGER, $5::INTEGER, $6::VARCHAR, $7::VARCHAR, $8::VARCHAR, $9::VARCHAR, $10::VARCHAR) RETURNING api_logs.id]
[parameters: (datetime.datetime(2026, 9, 3, 8, 48, 54, 22213), 'POST', '/api/v1/vitals/ingest', 200, 11, '172.18.0.1', '4acb72600fc040e2af905ef6dd0abda8', None, None, None)]
(Background on this error at: https://sqlalche.me/e/20/f405)
INFO:     172.18.0.1:35144 - "POST /api/v1/vitals/ingest HTTP/1.1" 200 OK
api_log purge error: (sqlalchemy.dialects.postgresql.asyncpg.ProgrammingError) <class 'asyncpg.exceptions.UndefinedTableError'>: relation "api_logs" does not exist
[SQL: DELETE FROM api_logs WHERE api_logs.created_at < $1::TIMESTAMP WITHOUT TIME ZONE]
[parameters: (datetime.datetime(2026, 9, 1, 8, 48, 56, 929371),)]
(Background on this error at: https://sqlalche.me/e/20/f405)
api_log write failed: (sqlalchemy.dialects.postgresql.asyncpg.ProgrammingError) <class 'asyncpg.exceptions.UndefinedTableError'>: relation "api_logs" does not exist
[SQL: INSERT INTO api_logs (created_at, method, path, status_code, latency_ms, client_host, request_id, error_type, error_detail, traceback) VALUES ($1::TIMESTAMP WITHOUT TIME ZONE, $2::VARCHAR, $3::VARCHAR, $4::INTEGER, $5::INTEGER, $6::VARCHAR, $7::VARCHAR, $8::VARCHAR, $9::VARCHAR, $10::VARCHAR) RETURNING api_logs.id]
[parameters: (datetime.datetime(2026, 9, 3, 8, 49, 14, 345656), 'POST', '/api/v1/vitals/ingest', 200, 9, '172.18.0.1', 'de190144d0c94755b5698d6f7569601c', None, None, None)]
(Background on this error at: https://sqlalche.me/e/20/f405)
INFO:     172.18.0.1:44114 - "POST /api/v1/vitals/ingest HTTP/1.1" 200 OK
api_log write failed: (sqlalchemy.dialects.postgresql.asyncpg.ProgrammingError) <class 'asyncpg.exceptions.UndefinedTableError'>: relation "api_logs" does not exist
[SQL: INSERT INTO api_logs (created_at, method, path, status_code, latency_ms, client_host, request_id, error_type, error_detail, traceback) VALUES ($1::TIMESTAMP WITHOUT TIME ZONE, $2::VARCHAR, $3::VARCHAR, $4::INTEGER, $5::INTEGER, $6::VARCHAR, $7::VARCHAR, $8::VARCHAR, $9::VARCHAR, $10::VARCHAR) RETURNING api_logs.id]
[parameters: (datetime.datetime(2026, 9, 3, 8, 49, 30, 814745), 'POST', '/api/v1/vitals/ingest', 200, 9, '172.18.0.1', '492df7ab82ed47f1b659da81daa90ff8', None, None, None)]
(Background on this error at: https://sqlalche.me/e/20/f405)
INFO:     172.18.0.1:40912 - "POST /api/v1/vitals/ingest HTTP/1.1" 200 OK
api_log write failed: (sqlalchemy.dialects.postgresql.asyncpg.ProgrammingError) <class 'asyncpg.exceptions.UndefinedTableError'>: relation "api_logs" does not exist
[SQL: INSERT INTO api_logs (created_at, method, path, status_code, latency_ms, client_host, request_id, error_type, error_detail, traceback) VALUES ($1::TIMESTAMP WITHOUT TIME ZONE, $2::VARCHAR, $3::VARCHAR, $4::INTEGER, $5::INTEGER, $6::VARCHAR, $7::VARCHAR, $8::VARCHAR, $9::VARCHAR, $10::VARCHAR) RETURNING api_logs.id]
[parameters: (datetime.datetime(2026, 9, 3, 8, 49, 34, 689797), 'POST', '/api/v1/vitals/ingest', 200, 9, '172.18.0.1', '5ce6a4734a474419b54c9a75b33b708c', None, None, None)]
(Background on this error at: https://sqlalche.me/e/20/f405)
INFO:     172.18.0.1:59854 - "POST /api/v1/vitals/ingest HTTP/1.1" 200 OK
api_log write failed: (sqlalchemy.dialects.postgresql.asyncpg.ProgrammingError) <class 'asyncpg.exceptions.UndefinedTableError'>: relation "api_logs" does not exist
[SQL: INSERT INTO api_logs (created_at, method, path, status_code, latency_ms, client_host, request_id, error_type, error_detail, traceback) VALUES ($1::TIMESTAMP WITHOUT TIME ZONE, $2::VARCHAR, $3::VARCHAR, $4::INTEGER, $5::INTEGER, $6::VARCHAR, $7::VARCHAR, $8::VARCHAR, $9::VARCHAR, $10::VARCHAR) RETURNING api_logs.id]
[parameters: (datetime.datetime(2026, 9, 3, 8, 49, 43, 568023), 'POST', '/api/v1/vitals/ingest', 200, 9, '172.18.0.1', 'dc1554f249574dffa158571be49e1649', None, None, None)]
(Background on this error at: https://sqlalche.me/e/20/f405)
INFO:     172.18.0.1:59860 - "POST /api/v1/vitals/ingest HTTP/1.1" 200 OK
api_log write failed: (sqlalchemy.dialects.postgresql.asyncpg.ProgrammingError) <class 'asyncpg.exceptions.UndefinedTableError'>: relation "api_logs" does not exist
[SQL: INSERT INTO api_logs (created_at, method, path, status_code, latency_ms, client_host, request_id, error_type, error_detail, traceback) VALUES ($1::TIMESTAMP WITHOUT TIME ZONE, $2::VARCHAR, $3::VARCHAR, $4::INTEGER, $5::INTEGER, $6::VARCHAR, $7::VARCHAR, $8::VARCHAR, $9::VARCHAR, $10::VARCHAR) RETURNING api_logs.id]
[parameters: (datetime.datetime(2026, 9, 3, 8, 49, 44, 21780), 'POST', '/api/v1/vitals/ingest', 200, 9, '172.18.0.1', 'f846fe11f2d94bdbb04a64edfcb93800', None, None, None)]
(Background on this error at: https://sqlalche.me/e/20/f405)
INFO:     172.18.0.1:47352 - "POST /api/v1/vitals/ingest HTTP/1.1" 200 OK
api_log write failed: (sqlalchemy.dialects.postgresql.asyncpg.ProgrammingError) <class 'asyncpg.exceptions.UndefinedTableError'>: relation "api_logs" does not exist
[SQL: INSERT INTO api_logs (created_at, method, path, status_code, latency_ms, client_host, request_id, error_type, error_detail, traceback) VALUES ($1::TIMESTAMP WITHOUT TIME ZONE, $2::VARCHAR, $3::VARCHAR, $4::INTEGER, $5::INTEGER, $6::VARCHAR, $7::VARCHAR, $8::VARCHAR, $9::VARCHAR, $10::VARCHAR) RETURNING api_logs.id]
[parameters: (datetime.datetime(2026, 9, 3, 8, 49, 48, 817906), 'POST', '/api/v1/vitals/ingest', 200, 9, '172.18.0.1', 'b8ff18cdff3d4b14968c5bb0d04b4960', None, None, None)]
(Background on this error at: https://sqlalche.me/e/20/f405)
INFO:     172.18.0.1:47368 - "POST /api/v1/vitals/ingest HTTP/1.1" 200 OK
api_log purge error: (sqlalchemy.dialects.postgresql.asyncpg.ProgrammingError) <class 'asyncpg.exceptions.UndefinedTableError'>: relation "api_logs" does not exist
[SQL: DELETE FROM api_logs WHERE api_logs.created_at < $1::TIMESTAMP WITHOUT TIME ZONE]
[parameters: (datetime.datetime(2026, 9, 1, 8, 49, 56, 933870),)]
(Background on this error at: https://sqlalche.me/e/20/f405)
api_log write failed: (sqlalchemy.dialects.postgresql.asyncpg.ProgrammingError) <class 'asyncpg.exceptions.UndefinedTableError'>: relation "api_logs" does not exist
[SQL: INSERT INTO api_logs (created_at, method, path, status_code, latency_ms, client_host, request_id, error_type, error_detail, traceback) VALUES ($1::TIMESTAMP WITHOUT TIME ZONE, $2::VARCHAR, $3::VARCHAR, $4::INTEGER, $5::INTEGER, $6::VARCHAR, $7::VARCHAR, $8::VARCHAR, $9::VARCHAR, $10::VARCHAR) RETURNING api_logs.id]
[parameters: (datetime.datetime(2026, 9, 3, 8, 50, 30, 66644), 'POST', '/api/v1/vitals/ingest', 200, 9, '172.18.0.1', 'c20d6cb004254a5a8976fd94e917702a', None, None, None)]
(Background on this error at: https://sqlalche.me/e/20/f405)
INFO:     172.18.0.1:38620 - "POST /api/v1/vitals/ingest HTTP/1.1" 200 OK
api_log write failed: (sqlalchemy.dialects.postgresql.asyncpg.ProgrammingError) <class 'asyncpg.exceptions.UndefinedTableError'>: relation "api_logs" does not exist
[SQL: INSERT INTO api_logs (created_at, method, path, status_code, latency_ms, client_host, request_id, error_type, error_detail, traceback) VALUES ($1::TIMESTAMP WITHOUT TIME ZONE, $2::VARCHAR, $3::VARCHAR, $4::INTEGER, $5::INTEGER, $6::VARCHAR, $7::VARCHAR, $8::VARCHAR, $9::VARCHAR, $10::VARCHAR) RETURNING api_logs.id]
[parameters: (datetime.datetime(2026, 9, 3, 8, 50, 30, 851187), 'POST', '/api/v1/vitals/ingest', 200, 8, '172.18.0.1', '70c1b9c6388f40a0ab911cd4f4162b15', None, None, None)]
(Background on this error at: https://sqlalche.me/e/20/f405)
INFO:     172.18.0.1:38630 - "POST /api/v1/vitals/ingest HTTP/1.1" 200 OK
INFO:     172.18.0.1:60184 - "POST /api/v1/vitals/ingest HTTP/1.1" 200 OK
api_log write failed: (sqlalchemy.dialects.postgresql.asyncpg.ProgrammingError) <class 'asyncpg.exceptions.UndefinedTableError'>: relation "api_logs" does not exist
[SQL: INSERT INTO api_logs (created_at, method, path, status_code, latency_ms, client_host, request_id, error_type, error_detail, traceback) VALUES ($1::TIMESTAMP WITHOUT TIME ZONE, $2::VARCHAR, $3::VARCHAR, $4::INTEGER, $5::INTEGER, $6::VARCHAR, $7::VARCHAR, $8::VARCHAR, $9::VARCHAR, $10::VARCHAR) RETURNING api_logs.id]
[parameters: (datetime.datetime(2026, 9, 3, 8, 50, 44, 16024), 'POST', '/api/v1/vitals/ingest', 200, 35, '172.18.0.1', 'd6dc1eaa42aa45e1947b042354d5332e', None, None, None)]
(Background on this error at: https://sqlalche.me/e/20/f405)
api_log write failed: (sqlalchemy.dialects.postgresql.asyncpg.ProgrammingError) <class 'asyncpg.exceptions.UndefinedTableError'>: relation "api_logs" does not exist
[SQL: INSERT INTO api_logs (created_at, method, path, status_code, latency_ms, client_host, request_id, error_type, error_detail, traceback) VALUES ($1::TIMESTAMP WITHOUT TIME ZONE, $2::VARCHAR, $3::VARCHAR, $4::INTEGER, $5::INTEGER, $6::VARCHAR, $7::VARCHAR, $8::VARCHAR, $9::VARCHAR, $10::VARCHAR) RETURNING api_logs.id]
[parameters: (datetime.datetime(2026, 9, 3, 8, 50, 55, 628235), 'POST', '/api/v1/vitals/ingest', 200, 9, '172.18.0.1', 'f1163115886a49ee94d593c01a6cd6eb', None, None, None)]
(Background on this error at: https://sqlalche.me/e/20/f405)
INFO:     172.18.0.1:50328 - "POST /api/v1/vitals/ingest HTTP/1.1" 200 OK
api_log purge error: (sqlalchemy.dialects.postgresql.asyncpg.ProgrammingError) <class 'asyncpg.exceptions.UndefinedTableError'>: relation "api_logs" does not exist
[SQL: DELETE FROM api_logs WHERE api_logs.created_at < $1::TIMESTAMP WITHOUT TIME ZONE]
[parameters: (datetime.datetime(2026, 9, 1, 8, 50, 56, 937705),)]
(Background on this error at: https://sqlalche.me/e/20/f405)
api_log write failed: (sqlalchemy.dialects.postgresql.asyncpg.ProgrammingError) <class 'asyncpg.exceptions.UndefinedTableError'>: relation "api_logs" does not exist
[SQL: INSERT INTO api_logs (created_at, method, path, status_code, latency_ms, client_host, request_id, error_type, error_detail, traceback) VALUES ($1::TIMESTAMP WITHOUT TIME ZONE, $2::VARCHAR, $3::VARCHAR, $4::INTEGER, $5::INTEGER, $6::VARCHAR, $7::VARCHAR, $8::VARCHAR, $9::VARCHAR, $10::VARCHAR) RETURNING api_logs.id]
[parameters: (datetime.datetime(2026, 9, 3, 8, 51, 20, 342799), 'POST', '/api/v1/vitals/ingest', 200, 9, '172.18.0.1', '5e673ba50e424d2c92156aa2962e60d6', None, None, None)]
(Background on this error at: https://sqlalche.me/e/20/f405)
INFO:     172.18.0.1:46394 - "POST /api/v1/vitals/ingest HTTP/1.1" 200 OK
api_log write failed: (sqlalchemy.dialects.postgresql.asyncpg.ProgrammingError) <class 'asyncpg.exceptions.UndefinedTableError'>: relation "api_logs" does not exist
[SQL: INSERT INTO api_logs (created_at, method, path, status_code, latency_ms, client_host, request_id, error_type, error_detail, traceback) VALUES ($1::TIMESTAMP WITHOUT TIME ZONE, $2::VARCHAR, $3::VARCHAR, $4::INTEGER, $5::INTEGER, $6::VARCHAR, $7::VARCHAR, $8::VARCHAR, $9::VARCHAR, $10::VARCHAR) RETURNING api_logs.id]
[parameters: (datetime.datetime(2026, 9, 3, 8, 51, 30, 892233), 'POST', '/api/v1/vitals/ingest', 200, 9, '172.18.0.1', '9f2c66025c054e2986e9f2b1b3cc22ce', None, None, None)]
(Background on this error at: https://sqlalche.me/e/20/f405)
INFO:     172.18.0.1:32802 - "POST /api/v1/vitals/ingest HTTP/1.1" 200 OK
api_log write failed: (sqlalchemy.dialects.postgresql.asyncpg.ProgrammingError) <class 'asyncpg.exceptions.UndefinedTableError'>: relation "api_logs" does not exist
[SQL: INSERT INTO api_logs (created_at, method, path, status_code, latency_ms, client_host, request_id, error_type, error_detail, traceback) VALUES ($1::TIMESTAMP WITHOUT TIME ZONE, $2::VARCHAR, $3::VARCHAR, $4::INTEGER, $5::INTEGER, $6::VARCHAR, $7::VARCHAR, $8::VARCHAR, $9::VARCHAR, $10::VARCHAR) RETURNING api_logs.id]
[parameters: (datetime.datetime(2026, 9, 3, 8, 51, 43, 971197), 'POST', '/api/v1/vitals/ingest', 200, 9, '172.18.0.1', '3d1c69c163de491cad15dbdf05f62342', None, None, None)]
(Background on this error at: https://sqlalche.me/e/20/f405)
INFO:     172.18.0.1:56010 - "POST /api/v1/vitals/ingest HTTP/1.1" 200 OK
INFO:     172.18.0.1:47964 - "POST /api/v1/vitals/ingest HTTP/1.1" 200 OK
api_log write failed: (sqlalchemy.dialects.postgresql.asyncpg.ProgrammingError) <class 'asyncpg.exceptions.UndefinedTableError'>: relation "api_logs" does not exist
[SQL: INSERT INTO api_logs (created_at, method, path, status_code, latency_ms, client_host, request_id, error_type, error_detail, traceback) VALUES ($1::TIMESTAMP WITHOUT TIME ZONE, $2::VARCHAR, $3::VARCHAR, $4::INTEGER, $5::INTEGER, $6::VARCHAR, $7::VARCHAR, $8::VARCHAR, $9::VARCHAR, $10::VARCHAR) RETURNING api_logs.id]
[parameters: (datetime.datetime(2026, 9, 3, 8, 51, 55, 674397), 'POST', '/api/v1/vitals/ingest', 200, 9, '172.18.0.1', '990a33543a9847df9cdbf40680354f98', None, None, None)]
(Background on this error at: https://sqlalche.me/e/20/f405)
api_log purge error: (sqlalchemy.dialects.postgresql.asyncpg.ProgrammingError) <class 'asyncpg.exceptions.UndefinedTableError'>: relation "api_logs" does not exist
[SQL: DELETE FROM api_logs WHERE api_logs.created_at < $1::TIMESTAMP WITHOUT TIME ZONE]
[parameters: (datetime.datetime(2026, 9, 1, 8, 51, 56, 941646),)]
(Background on this error at: https://sqlalche.me/e/20/f405)
api_log write failed: (sqlalchemy.dialects.postgresql.asyncpg.ProgrammingError) <class 'asyncpg.exceptions.UndefinedTableError'>: relation "api_logs" does not exist
[SQL: INSERT INTO api_logs (created_at, method, path, status_code, latency_ms, client_host, request_id, error_type, error_detail, traceback) VALUES ($1::TIMESTAMP WITHOUT TIME ZONE, $2::VARCHAR, $3::VARCHAR, $4::INTEGER, $5::INTEGER, $6::VARCHAR, $7::VARCHAR, $8::VARCHAR, $9::VARCHAR, $10::VARCHAR) RETURNING api_logs.id]
[parameters: (datetime.datetime(2026, 9, 3, 8, 52, 31, 23723), 'POST', '/api/v1/vitals/ingest', 200, 9, '172.18.0.1', 'c6c8a8601b724cd2a6eacd9224d4c4cc', None, None, None)]
(Background on this error at: https://sqlalche.me/e/20/f405)
INFO:     172.18.0.1:44014 - "POST /api/v1/vitals/ingest HTTP/1.1" 200 OK
api_log write failed: (sqlalchemy.dialects.postgresql.asyncpg.ProgrammingError) <class 'asyncpg.exceptions.UndefinedTableError'>: relation "api_logs" does not exist
[SQL: INSERT INTO api_logs (created_at, method, path, status_code, latency_ms, client_host, request_id, error_type, error_detail, traceback) VALUES ($1::TIMESTAMP WITHOUT TIME ZONE, $2::VARCHAR, $3::VARCHAR, $4::INTEGER, $5::INTEGER, $6::VARCHAR, $7::VARCHAR, $8::VARCHAR, $9::VARCHAR, $10::VARCHAR) RETURNING api_logs.id]
[parameters: (datetime.datetime(2026, 9, 3, 8, 52, 43, 992424), 'POST', '/api/v1/vitals/ingest', 200, 8, '172.18.0.1', '91445badee4846bd871cf5ed13a09aa2', None, None, None)]
(Background on this error at: https://sqlalche.me/e/20/f405)
INFO:     172.18.0.1:41208 - "POST /api/v1/vitals/ingest HTTP/1.1" 200 OK
api_log write failed: (sqlalchemy.dialects.postgresql.asyncpg.ProgrammingError) <class 'asyncpg.exceptions.UndefinedTableError'>: relation "api_logs" does not exist
[SQL: INSERT INTO api_logs (created_at, method, path, status_code, latency_ms, client_host, request_id, error_type, error_detail, traceback) VALUES ($1::TIMESTAMP WITHOUT TIME ZONE, $2::VARCHAR, $3::VARCHAR, $4::INTEGER, $5::INTEGER, $6::VARCHAR, $7::VARCHAR, $8::VARCHAR, $9::VARCHAR, $10::VARCHAR) RETURNING api_logs.id]
[parameters: (datetime.datetime(2026, 9, 3, 8, 52, 55, 601660), 'POST', '/api/v1/vitals/ingest', 200, 9, '172.18.0.1', '9da6fd2dc396465cbd9e908b930a5e64', None, None, None)]
(Background on this error at: https://sqlalche.me/e/20/f405)
INFO:     172.18.0.1:44240 - "POST /api/v1/vitals/ingest HTTP/1.1" 200 OK
api_log purge error: (sqlalchemy.dialects.postgresql.asyncpg.ProgrammingError) <class 'asyncpg.exceptions.UndefinedTableError'>: relation "api_logs" does not exist
[SQL: DELETE FROM api_logs WHERE api_logs.created_at < $1::TIMESTAMP WITHOUT TIME ZONE]
[parameters: (datetime.datetime(2026, 9, 1, 8, 52, 56, 944926),)]
(Background on this error at: https://sqlalche.me/e/20/f405)
api_log write failed: (sqlalchemy.dialects.postgresql.asyncpg.ProgrammingError) <class 'asyncpg.exceptions.UndefinedTableError'>: relation "api_logs" does not exist
[SQL: INSERT INTO api_logs (created_at, method, path, status_code, latency_ms, client_host, request_id, error_type, error_detail, traceback) VALUES ($1::TIMESTAMP WITHOUT TIME ZONE, $2::VARCHAR, $3::VARCHAR, $4::INTEGER, $5::INTEGER, $6::VARCHAR, $7::VARCHAR, $8::VARCHAR, $9::VARCHAR, $10::VARCHAR) RETURNING api_logs.id]
[parameters: (datetime.datetime(2026, 9, 3, 8, 53, 31, 576555), 'POST', '/api/v1/vitals/ingest', 200, 9, '172.18.0.1', '1f03fe9f889448dc88af7a9a22edad47', None, None, None)]
(Background on this error at: https://sqlalche.me/e/20/f405)
INFO:     172.18.0.1:33670 - "POST /api/v1/vitals/ingest HTTP/1.1" 200 OK
INFO:     172.18.0.1:56344 - "POST /api/v1/vitals/ingest HTTP/1.1" 200 OK
api_log write failed: (sqlalchemy.dialects.postgresql.asyncpg.ProgrammingError) <class 'asyncpg.exceptions.UndefinedTableError'>: relation "api_logs" does not exist
[SQL: INSERT INTO api_logs (created_at, method, path, status_code, latency_ms, client_host, request_id, error_type, error_detail, traceback) VALUES ($1::TIMESTAMP WITHOUT TIME ZONE, $2::VARCHAR, $3::VARCHAR, $4::INTEGER, $5::INTEGER, $6::VARCHAR, $7::VARCHAR, $8::VARCHAR, $9::VARCHAR, $10::VARCHAR) RETURNING api_logs.id]
[parameters: (datetime.datetime(2026, 9, 3, 8, 53, 44, 3895), 'POST', '/api/v1/vitals/ingest', 200, 8, '172.18.0.1', '4314e44422ad40318c9d8bba18d49e76', None, None, None)]
(Background on this error at: https://sqlalche.me/e/20/f405)
Failed to fetch staff tokens for patient 5: (sqlalchemy.dialects.postgresql.asyncpg.ProgrammingError) <class 'asyncpg.exceptions.UndefinedTableError'>: relation "device_tokens" does not exist
[SQL: SELECT device_tokens.token 
FROM device_tokens 
WHERE device_tokens.user_id IN ($1::INTEGER)]
[parameters: (7,)]
(Background on this error at: https://sqlalche.me/e/20/f405)
api_log write failed: (sqlalchemy.dialects.postgresql.asyncpg.ProgrammingError) <class 'asyncpg.exceptions.UndefinedTableError'>: relation "api_logs" does not exist
[SQL: INSERT INTO api_logs (created_at, method, path, status_code, latency_ms, client_host, request_id, error_type, error_detail, traceback) VALUES ($1::TIMESTAMP WITHOUT TIME ZONE, $2::VARCHAR, $3::VARCHAR, $4::INTEGER, $5::INTEGER, $6::VARCHAR, $7::VARCHAR, $8::VARCHAR, $9::VARCHAR, $10::VARCHAR) RETURNING api_logs.id]
[parameters: (datetime.datetime(2026, 9, 3, 8, 53, 55, 701369), 'POST', '/api/v1/vitals/ingest', 200, 18, '172.18.0.1', '2d52633fb7bc44e795cf76d33a60775f', None, None, None)]
(Background on this error at: https://sqlalche.me/e/20/f405)
INFO:     172.18.0.1:51142 - "POST /api/v1/vitals/ingest HTTP/1.1" 200 OK
api_log write failed: (sqlalchemy.dialects.postgresql.asyncpg.ProgrammingError) <class 'asyncpg.exceptions.UndefinedTableError'>: relation "api_logs" does not exist
[SQL: INSERT INTO api_logs (created_at, method, path, status_code, latency_ms, client_host, request_id, error_type, error_detail, traceback) VALUES ($1::TIMESTAMP WITHOUT TIME ZONE, $2::VARCHAR, $3::VARCHAR, $4::INTEGER, $5::INTEGER, $6::VARCHAR, $7::VARCHAR, $8::VARCHAR, $9::VARCHAR, $10::VARCHAR) RETURNING api_logs.id]
[parameters: (datetime.datetime(2026, 9, 3, 8, 53, 55, 705406), 'POST', '/api/v1/vitals/ingest', 200, 15, '172.18.0.1', '8e1f6ab31631494a81843f98202d4a23', None, None, None)]
(Background on this error at: https://sqlalche.me/e/20/f405)
INFO:     172.18.0.1:51148 - "POST /api/v1/vitals/ingest HTTP/1.1" 200 OK
api_log purge error: (sqlalchemy.dialects.postgresql.asyncpg.ProgrammingError) <class 'asyncpg.exceptions.UndefinedTableError'>: relation "api_logs" does not exist
[SQL: DELETE FROM api_logs WHERE api_logs.created_at < $1::TIMESTAMP WITHOUT TIME ZONE]
[parameters: (datetime.datetime(2026, 9, 1, 8, 53, 56, 947661),)]
(Background on this error at: https://sqlalche.me/e/20/f405)
api_log write failed: (sqlalchemy.dialects.postgresql.asyncpg.ProgrammingError) <class 'asyncpg.exceptions.UndefinedTableError'>: relation "api_logs" does not exist
[SQL: INSERT INTO api_logs (created_at, method, path, status_code, latency_ms, client_host, request_id, error_type, error_detail, traceback) VALUES ($1::TIMESTAMP WITHOUT TIME ZONE, $2::VARCHAR, $3::VARCHAR, $4::INTEGER, $5::INTEGER, $6::VARCHAR, $7::VARCHAR, $8::VARCHAR, $9::VARCHAR, $10::VARCHAR) RETURNING api_logs.id]
[parameters: (datetime.datetime(2026, 9, 3, 8, 54, 16, 11627), 'POST', '/api/v1/vitals/ingest', 200, 9, '172.18.0.1', '0b236e940ab341269e884484d2da29b7', None, None, None)]
(Background on this error at: https://sqlalche.me/e/20/f405)
INFO:     172.18.0.1:55052 - "POST /api/v1/vitals/ingest HTTP/1.1" 200 OK
api_log write failed: (sqlalchemy.dialects.postgresql.asyncpg.ProgrammingError) <class 'asyncpg.exceptions.UndefinedTableError'>: relation "api_logs" does not exist
[SQL: INSERT INTO api_logs (created_at, method, path, status_code, latency_ms, client_host, request_id, error_type, error_detail, traceback) VALUES ($1::TIMESTAMP WITHOUT TIME ZONE, $2::VARCHAR, $3::VARCHAR, $4::INTEGER, $5::INTEGER, $6::VARCHAR, $7::VARCHAR, $8::VARCHAR, $9::VARCHAR, $10::VARCHAR) RETURNING api_logs.id]
[parameters: (datetime.datetime(2026, 9, 3, 8, 54, 31, 636036), 'POST', '/api/v1/vitals/ingest', 200, 10, '172.18.0.1', '044d232c71fa49ddbee39c9ea6087b45', None, None, None)]
(Background on this error at: https://sqlalche.me/e/20/f405)
INFO:     172.18.0.1:41942 - "POST /api/v1/vitals/ingest HTTP/1.1" 200 OK
✅ Critical Alert Sent successfully. Response: {'status': 'success', 'hasError': False, 'data': 'Your request is in process, check delivery reports for status', 'errors': None, 'request_id': '207d761ff37340f18f7f00c11edae5e2'}
INFO:     172.18.0.1:57406 - "POST /api/v1/vitals/ingest HTTP/1.1" 200 OK
api_log write failed: (sqlalchemy.dialects.postgresql.asyncpg.ProgrammingError) <class 'asyncpg.exceptions.UndefinedTableError'>: relation "api_logs" does not exist
[SQL: INSERT INTO api_logs (created_at, method, path, status_code, latency_ms, client_host, request_id, error_type, error_detail, traceback) VALUES ($1::TIMESTAMP WITHOUT TIME ZONE, $2::VARCHAR, $3::VARCHAR, $4::INTEGER, $5::INTEGER, $6::VARCHAR, $7::VARCHAR, $8::VARCHAR, $9::VARCHAR, $10::VARCHAR) RETURNING api_logs.id]
[parameters: (datetime.datetime(2026, 9, 3, 8, 54, 36, 444402), 'POST', '/api/v1/vitals/ingest', 200, 10, '172.18.0.1', '404cb4307efc4233876d61b0ede478ef', None, None, None)]
(Background on this error at: https://sqlalche.me/e/20/f405)
api_log write failed: (sqlalchemy.dialects.postgresql.asyncpg.ProgrammingError) <class 'asyncpg.exceptions.UndefinedTableError'>: relation "api_logs" does not exist
[SQL: INSERT INTO api_logs (created_at, method, path, status_code, latency_ms, client_host, request_id, error_type, error_detail, traceback) VALUES ($1::TIMESTAMP WITHOUT TIME ZONE, $2::VARCHAR, $3::VARCHAR, $4::INTEGER, $5::INTEGER, $6::VARCHAR, $7::VARCHAR, $8::VARCHAR, $9::VARCHAR, $10::VARCHAR) RETURNING api_logs.id]
[parameters: (datetime.datetime(2026, 9, 3, 8, 54, 43, 992832), 'POST', '/api/v1/vitals/ingest', 200, 9, '172.18.0.1', '73b52c38186b4c1291ae04ad26aa15a8', None, None, None)]
(Background on this error at: https://sqlalche.me/e/20/f405)
INFO:     172.18.0.1:47116 - "POST /api/v1/vitals/ingest HTTP/1.1" 200 OK
api_log write failed: (sqlalchemy.dialects.postgresql.asyncpg.ProgrammingError) <class 'asyncpg.exceptions.UndefinedTableError'>: relation "api_logs" does not exist
[SQL: INSERT INTO api_logs (created_at, method, path, status_code, latency_ms, client_host, request_id, error_type, error_detail, traceback) VALUES ($1::TIMESTAMP WITHOUT TIME ZONE, $2::VARCHAR, $3::VARCHAR, $4::INTEGER, $5::INTEGER, $6::VARCHAR, $7::VARCHAR, $8::VARCHAR, $9::VARCHAR, $10::VARCHAR) RETURNING api_logs.id]
[parameters: (datetime.datetime(2026, 9, 3, 8, 54, 55, 625027), 'POST', '/api/v1/vitals/ingest', 200, 9, '172.18.0.1', 'b872400fa34145e8aed1524e8fb8bbda', None, None, None)]
(Background on this error at: https://sqlalche.me/e/20/f405)
INFO:     172.18.0.1:47438 - "POST /api/v1/vitals/ingest HTTP/1.1" 200 OK
api_log purge error: (sqlalchemy.dialects.postgresql.asyncpg.ProgrammingError) <class 'asyncpg.exceptions.UndefinedTableError'>: relation "api_logs" does not exist
[SQL: DELETE FROM api_logs WHERE api_logs.created_at < $1::TIMESTAMP WITHOUT TIME ZONE]
[parameters: (datetime.datetime(2026, 9, 1, 8, 54, 56, 951677),)]
(Background on this error at: https://sqlalche.me/e/20/f405)
api_log write failed: (sqlalchemy.dialects.postgresql.asyncpg.ProgrammingError) <class 'asyncpg.exceptions.UndefinedTableError'>: relation "api_logs" does not exist
[SQL: INSERT INTO api_logs (created_at, method, path, status_code, latency_ms, client_host, request_id, error_type, error_detail, traceback) VALUES ($1::TIMESTAMP WITHOUT TIME ZONE, $2::VARCHAR, $3::VARCHAR, $4::INTEGER, $5::INTEGER, $6::VARCHAR, $7::VARCHAR, $8::VARCHAR, $9::VARCHAR, $10::VARCHAR) RETURNING api_logs.id]
[parameters: (datetime.datetime(2026, 9, 3, 8, 55, 31, 744781), 'POST', '/api/v1/vitals/ingest', 200, 9, '172.18.0.1', 'cc3c374d0e714d66a64ce2206dc824db', None, None, None)]
(Background on this error at: https://sqlalche.me/e/20/f405)
INFO:     172.18.0.1:41544 - "POST /api/v1/vitals/ingest HTTP/1.1" 200 OK
api_log write failed: (sqlalchemy.dialects.postgresql.asyncpg.ProgrammingError) <class 'asyncpg.exceptions.UndefinedTableError'>: relation "api_logs" does not exist
[SQL: INSERT INTO api_logs (created_at, method, path, status_code, latency_ms, client_host, request_id, error_type, error_detail, traceback) VALUES ($1::TIMESTAMP WITHOUT TIME ZONE, $2::VARCHAR, $3::VARCHAR, $4::INTEGER, $5::INTEGER, $6::VARCHAR, $7::VARCHAR, $8::VARCHAR, $9::VARCHAR, $10::VARCHAR) RETURNING api_logs.id]
[parameters: (datetime.datetime(2026, 9, 3, 8, 55, 31, 813432), 'POST', '/api/v1/vitals/ingest', 200, 8, '172.18.0.1', '97f9ea3fa107488c9217b94e88aceedc', None, None, None)]
(Background on this error at: https://sqlalche.me/e/20/f405)
INFO:     172.18.0.1:41558 - "POST /api/v1/vitals/ingest HTTP/1.1" 200 OK
api_log write failed: (sqlalchemy.dialects.postgresql.asyncpg.ProgrammingError) <class 'asyncpg.exceptions.UndefinedTableError'>: relation "api_logs" does not exist
[SQL: INSERT INTO api_logs (created_at, method, path, status_code, latency_ms, client_host, request_id, error_type, error_detail, traceback) VALUES ($1::TIMESTAMP WITHOUT TIME ZONE, $2::VARCHAR, $3::VARCHAR, $4::INTEGER, $5::INTEGER, $6::VARCHAR, $7::VARCHAR, $8::VARCHAR, $9::VARCHAR, $10::VARCHAR) RETURNING api_logs.id]
[parameters: (datetime.datetime(2026, 9, 3, 8, 55, 44, 11115), 'POST', '/api/v1/vitals/ingest', 200, 9, '172.18.0.1', 'd8df83d23bc34305ac89af9bb93cff0b', None, None, None)]
(Background on this error at: https://sqlalche.me/e/20/f405)
INFO:     172.18.0.1:40882 - "POST /api/v1/vitals/ingest HTTP/1.1" 200 OK
api_log write failed: (sqlalchemy.dialects.postgresql.asyncpg.ProgrammingError) <class 'asyncpg.exceptions.UndefinedTableError'>: relation "api_logs" does not exist
[SQL: INSERT INTO api_logs (created_at, method, path, status_code, latency_ms, client_host, request_id, error_type, error_detail, traceback) VALUES ($1::TIMESTAMP WITHOUT TIME ZONE, $2::VARCHAR, $3::VARCHAR, $4::INTEGER, $5::INTEGER, $6::VARCHAR, $7::VARCHAR, $8::VARCHAR, $9::VARCHAR, $10::VARCHAR) RETURNING api_logs.id]
[parameters: (datetime.datetime(2026, 9, 3, 8, 55, 55, 600361), 'POST', '/api/v1/vitals/ingest', 200, 9, '172.18.0.1', '47f64a7140274f729419a315aff5d811', None, None, None)]
(Background on this error at: https://sqlalche.me/e/20/f405)
INFO:     172.18.0.1:53694 - "POST /api/v1/vitals/ingest HTTP/1.1" 200 OK
api_log purge error: (sqlalchemy.dialects.postgresql.asyncpg.ProgrammingError) <class 'asyncpg.exceptions.UndefinedTableError'>: relation "api_logs" does not exist
[SQL: DELETE FROM api_logs WHERE api_logs.created_at < $1::TIMESTAMP WITHOUT TIME ZONE]
[parameters: (datetime.datetime(2026, 9, 1, 8, 55, 56, 955420),)]
(Background on this error at: https://sqlalche.me/e/20/f405)
INFO:     172.18.0.1:33236 - "POST /api/v1/vitals/ingest HTTP/1.1" 200 OK
api_log write failed: (sqlalchemy.dialects.postgresql.asyncpg.ProgrammingError) <class 'asyncpg.exceptions.UndefinedTableError'>: relation "api_logs" does not exist
[SQL: INSERT INTO api_logs (created_at, method, path, status_code, latency_ms, client_host, request_id, error_type, error_detail, traceback) VALUES ($1::TIMESTAMP WITHOUT TIME ZONE, $2::VARCHAR, $3::VARCHAR, $4::INTEGER, $5::INTEGER, $6::VARCHAR, $7::VARCHAR, $8::VARCHAR, $9::VARCHAR, $10::VARCHAR) RETURNING api_logs.id]
[parameters: (datetime.datetime(2026, 9, 3, 8, 56, 22, 63011), 'POST', '/api/v1/vitals/ingest', 200, 9, '172.18.0.1', '752c252b955b469eb76d09c20145f877', None, None, None)]
(Background on this error at: https://sqlalche.me/e/20/f405)
api_log write failed: (sqlalchemy.dialects.postgresql.asyncpg.ProgrammingError) <class 'asyncpg.exceptions.UndefinedTableError'>: relation "api_logs" does not exist
[SQL: INSERT INTO api_logs (created_at, method, path, status_code, latency_ms, client_host, request_id, error_type, error_detail, traceback) VALUES ($1::TIMESTAMP WITHOUT TIME ZONE, $2::VARCHAR, $3::VARCHAR, $4::INTEGER, $5::INTEGER, $6::VARCHAR, $7::VARCHAR, $8::VARCHAR, $9::VARCHAR, $10::VARCHAR) RETURNING api_logs.id]
[parameters: (datetime.datetime(2026, 9, 3, 8, 56, 32, 173845), 'POST', '/api/v1/vitals/ingest', 200, 9, '172.18.0.1', '2522bbf88e434946b7bccb13922fa14c', None, None, None)]
(Background on this error at: https://sqlalche.me/e/20/f405)
INFO:     172.18.0.1:54322 - "POST /api/v1/vitals/ingest HTTP/1.1" 200 OK
api_log write failed: (sqlalchemy.dialects.postgresql.asyncpg.ProgrammingError) <class 'asyncpg.exceptions.UndefinedTableError'>: relation "api_logs" does not exist
[SQL: INSERT INTO api_logs (created_at, method, path, status_code, latency_ms, client_host, request_id, error_type, error_detail, traceback) VALUES ($1::TIMESTAMP WITHOUT TIME ZONE, $2::VARCHAR, $3::VARCHAR, $4::INTEGER, $5::INTEGER, $6::VARCHAR, $7::VARCHAR, $8::VARCHAR, $9::VARCHAR, $10::VARCHAR) RETURNING api_logs.id]
[parameters: (datetime.datetime(2026, 9, 3, 8, 56, 44, 5052), 'POST', '/api/v1/vitals/ingest', 200, 9, '172.18.0.1', '9ded42a9369642efb9e7f5d88dd0919c', None, None, None)]
(Background on this error at: https://sqlalche.me/e/20/f405)
INFO:     172.18.0.1:58956 - "POST /api/v1/vitals/ingest HTTP/1.1" 200 OK
api_log write failed: (sqlalchemy.dialects.postgresql.asyncpg.ProgrammingError) <class 'asyncpg.exceptions.UndefinedTableError'>: relation "api_logs" does not exist
[SQL: INSERT INTO api_logs (created_at, method, path, status_code, latency_ms, client_host, request_id, error_type, error_detail, traceback) VALUES ($1::TIMESTAMP WITHOUT TIME ZONE, $2::VARCHAR, $3::VARCHAR, $4::INTEGER, $5::INTEGER, $6::VARCHAR, $7::VARCHAR, $8::VARCHAR, $9::VARCHAR, $10::VARCHAR) RETURNING api_logs.id]
[parameters: (datetime.datetime(2026, 9, 3, 8, 56, 47, 621475), 'POST', '/api/v1/vitals/ingest', 200, 9, '172.18.0.1', '4a0b74c5517947dcba16097d3a144888', None, None, None)]
(Background on this error at: https://sqlalche.me/e/20/f405)
INFO:     172.18.0.1:58970 - "POST /api/v1/vitals/ingest HTTP/1.1" 200 OK
api_log write failed: (sqlalchemy.dialects.postgresql.asyncpg.ProgrammingError) <class 'asyncpg.exceptions.UndefinedTableError'>: relation "api_logs" does not exist
[SQL: INSERT INTO api_logs (created_at, method, path, status_code, latency_ms, client_host, request_id, error_type, error_detail, traceback) VALUES ($1::TIMESTAMP WITHOUT TIME ZONE, $2::VARCHAR, $3::VARCHAR, $4::INTEGER, $5::INTEGER, $6::VARCHAR, $7::VARCHAR, $8::VARCHAR, $9::VARCHAR, $10::VARCHAR) RETURNING api_logs.id]
[parameters: (datetime.datetime(2026, 9, 3, 8, 56, 48, 42165), 'POST', '/api/v1/vitals/ingest', 200, 9, '172.18.0.1', '1303096211f243ddad396d24dbb29a46', None, None, None)]
(Background on this error at: https://sqlalche.me/e/20/f405)
INFO:     172.18.0.1:58986 - "POST /api/v1/vitals/ingest HTTP/1.1" 200 OK
api_log purge error: (sqlalchemy.dialects.postgresql.asyncpg.ProgrammingError) <class 'asyncpg.exceptions.UndefinedTableError'>: relation "api_logs" does not exist
[SQL: DELETE FROM api_logs WHERE api_logs.created_at < $1::TIMESTAMP WITHOUT TIME ZONE]
[parameters: (datetime.datetime(2026, 9, 1, 8, 56, 56, 958613),)]
(Background on this error at: https://sqlalche.me/e/20/f405)
api_log write failed: (sqlalchemy.dialects.postgresql.asyncpg.ProgrammingError) <class 'asyncpg.exceptions.UndefinedTableError'>: relation "api_logs" does not exist
[SQL: INSERT INTO api_logs (created_at, method, path, status_code, latency_ms, client_host, request_id, error_type, error_detail, traceback) VALUES ($1::TIMESTAMP WITHOUT TIME ZONE, $2::VARCHAR, $3::VARCHAR, $4::INTEGER, $5::INTEGER, $6::VARCHAR, $7::VARCHAR, $8::VARCHAR, $9::VARCHAR, $10::VARCHAR) RETURNING api_logs.id]
[parameters: (datetime.datetime(2026, 9, 3, 8, 57, 32, 32767), 'POST', '/api/v1/vitals/ingest', 200, 9, '172.18.0.1', 'ac6f2c490bd944f8b5e867d751398e90', None, None, None)]
(Background on this error at: https://sqlalche.me/e/20/f405)
INFO:     172.18.0.1:52504 - "POST /api/v1/vitals/ingest HTTP/1.1" 200 OK
api_log write failed: (sqlalchemy.dialects.postgresql.asyncpg.ProgrammingError) <class 'asyncpg.exceptions.UndefinedTableError'>: relation "api_logs" does not exist
[SQL: INSERT INTO api_logs (created_at, method, path, status_code, latency_ms, client_host, request_id, error_type, error_detail, traceback) VALUES ($1::TIMESTAMP WITHOUT TIME ZONE, $2::VARCHAR, $3::VARCHAR, $4::INTEGER, $5::INTEGER, $6::VARCHAR, $7::VARCHAR, $8::VARCHAR, $9::VARCHAR, $10::VARCHAR) RETURNING api_logs.id]
[parameters: (datetime.datetime(2026, 9, 3, 8, 57, 44, 18461), 'POST', '/api/v1/vitals/ingest', 200, 17, '172.18.0.1', '29dec7f60cf94255b2a2e90456c21e59', None, None, None)]
(Background on this error at: https://sqlalche.me/e/20/f405)
INFO:     172.18.0.1:45312 - "POST /api/v1/vitals/ingest HTTP/1.1" 200 OK
api_log purge error: (sqlalchemy.dialects.postgresql.asyncpg.ProgrammingError) <class 'asyncpg.exceptions.UndefinedTableError'>: relation "api_logs" does not exist
[SQL: DELETE FROM api_logs WHERE api_logs.created_at < $1::TIMESTAMP WITHOUT TIME ZONE]
[parameters: (datetime.datetime(2026, 9, 1, 8, 57, 56, 962013),)]
(Background on this error at: https://sqlalche.me/e/20/f405)
api_log write failed: (sqlalchemy.dialects.postgresql.asyncpg.ProgrammingError) <class 'asyncpg.exceptions.UndefinedTableError'>: relation "api_logs" does not exist
[SQL: INSERT INTO api_logs (created_at, method, path, status_code, latency_ms, client_host, request_id, error_type, error_detail, traceback) VALUES ($1::TIMESTAMP WITHOUT TIME ZONE, $2::VARCHAR, $3::VARCHAR, $4::INTEGER, $5::INTEGER, $6::VARCHAR, $7::VARCHAR, $8::VARCHAR, $9::VARCHAR, $10::VARCHAR) RETURNING api_logs.id]
[parameters: (datetime.datetime(2026, 9, 3, 8, 58, 32, 64542), 'POST', '/api/v1/vitals/ingest', 200, 9, '172.18.0.1', '62d0fd8e2ea148039fd288d3ca36ca65', None, None, None)]
(Background on this error at: https://sqlalche.me/e/20/f405)
INFO:     172.18.0.1:38560 - "POST /api/v1/vitals/ingest HTTP/1.1" 200 OK
api_log write failed: (sqlalchemy.dialects.postgresql.asyncpg.ProgrammingError) <class 'asyncpg.exceptions.UndefinedTableError'>: relation "api_logs" does not exist
[SQL: INSERT INTO api_logs (created_at, method, path, status_code, latency_ms, client_host, request_id, error_type, error_detail, traceback) VALUES ($1::TIMESTAMP WITHOUT TIME ZONE, $2::VARCHAR, $3::VARCHAR, $4::INTEGER, $5::INTEGER, $6::VARCHAR, $7::VARCHAR, $8::VARCHAR, $9::VARCHAR, $10::VARCHAR) RETURNING api_logs.id]
[parameters: (datetime.datetime(2026, 9, 3, 8, 58, 44, 224528), 'POST', '/api/v1/vitals/ingest', 200, 9, '172.18.0.1', 'ee911861d8134f0c942ca1a684051b44', None, None, None)]
(Background on this error at: https://sqlalche.me/e/20/f405)
INFO:     172.18.0.1:39970 - "POST /api/v1/vitals/ingest HTTP/1.1" 200 OK
api_log write failed: (sqlalchemy.dialects.postgresql.asyncpg.ProgrammingError) <class 'asyncpg.exceptions.UndefinedTableError'>: relation "api_logs" does not exist
[SQL: INSERT INTO api_logs (created_at, method, path, status_code, latency_ms, client_host, request_id, error_type, error_detail, traceback) VALUES ($1::TIMESTAMP WITHOUT TIME ZONE, $2::VARCHAR, $3::VARCHAR, $4::INTEGER, $5::INTEGER, $6::VARCHAR, $7::VARCHAR, $8::VARCHAR, $9::VARCHAR, $10::VARCHAR) RETURNING api_logs.id]
[parameters: (datetime.datetime(2026, 9, 3, 8, 58, 50, 940280), 'POST', '/api/v1/vitals/ingest', 200, 10, '172.18.0.1', '79a242da290a4f99881947dc85e0518c', None, None, None)]
(Background on this error at: https://sqlalche.me/e/20/f405)
INFO:     172.18.0.1:39972 - "POST /api/v1/vitals/ingest HTTP/1.1" 200 OK
✅ Critical Alert Sent successfully. Response: {'status': 'success', 'hasError': False, 'data': 'Your request is in process, check delivery reports for status', 'errors': None, 'request_id': 'f5ade914ca424f4b9fc036b9acc033ef'}
api_log purge error: (sqlalchemy.dialects.postgresql.asyncpg.ProgrammingError) <class 'asyncpg.exceptions.UndefinedTableError'>: relation "api_logs" does not exist
[SQL: DELETE FROM api_logs WHERE api_logs.created_at < $1::TIMESTAMP WITHOUT TIME ZONE]
[parameters: (datetime.datetime(2026, 9, 1, 8, 58, 56, 965398),)]
(Background on this error at: https://sqlalche.me/e/20/f405)
Failed to fetch staff tokens for patient 5: (sqlalchemy.dialects.postgresql.asyncpg.ProgrammingError) <class 'asyncpg.exceptions.UndefinedTableError'>: relation "device_tokens" does not exist
[SQL: SELECT device_tokens.token 
FROM device_tokens 
WHERE device_tokens.user_id IN ($1::INTEGER)]
[parameters: (7,)]
(Background on this error at: https://sqlalche.me/e/20/f405)
api_log write failed: (sqlalchemy.dialects.postgresql.asyncpg.ProgrammingError) <class 'asyncpg.exceptions.UndefinedTableError'>: relation "api_logs" does not exist
[SQL: INSERT INTO api_logs (created_at, method, path, status_code, latency_ms, client_host, request_id, error_type, error_detail, traceback) VALUES ($1::TIMESTAMP WITHOUT TIME ZONE, $2::VARCHAR, $3::VARCHAR, $4::INTEGER, $5::INTEGER, $6::VARCHAR, $7::VARCHAR, $8::VARCHAR, $9::VARCHAR, $10::VARCHAR) RETURNING api_logs.id]
[parameters: (datetime.datetime(2026, 9, 3, 8, 58, 57, 387672), 'POST', '/api/v1/vitals/ingest', 200, 12, '172.18.0.1', '900ff1aea5cf4a7e9464c6ec1a6e36ef', None, None, None)]
(Background on this error at: https://sqlalche.me/e/20/f405)
INFO:     172.18.0.1:44654 - "POST /api/v1/vitals/ingest HTTP/1.1" 200 OK
api_log write failed: (sqlalchemy.dialects.postgresql.asyncpg.ProgrammingError) <class 'asyncpg.exceptions.UndefinedTableError'>: relation "api_logs" does not exist
[SQL: INSERT INTO api_logs (created_at, method, path, status_code, latency_ms, client_host, request_id, error_type, error_detail, traceback) VALUES ($1::TIMESTAMP WITHOUT TIME ZONE, $2::VARCHAR, $3::VARCHAR, $4::INTEGER, $5::INTEGER, $6::VARCHAR, $7::VARCHAR, $8::VARCHAR, $9::VARCHAR, $10::VARCHAR) RETURNING api_logs.id]
[parameters: (datetime.datetime(2026, 9, 3, 8, 59, 17, 731340), 'POST', '/api/v1/vitals/ingest', 200, 9, '172.18.0.1', '5d1cbc6eadfd4772b058d476b5b25aae', None, None, None)]
(Background on this error at: https://sqlalche.me/e/20/f405)
INFO:     172.18.0.1:44110 - "POST /api/v1/vitals/ingest HTTP/1.1" 200 OK
✅ Critical Alert Sent successfully. Response: {'status': 'success', 'hasError': False, 'data': 'Your request is in process, check delivery reports for status', 'errors': None, 'request_id': '67049d00bc2141dc94cf6c23c4da5e65'}
api_log write failed: (sqlalchemy.dialects.postgresql.asyncpg.ProgrammingError) <class 'asyncpg.exceptions.UndefinedTableError'>: relation "api_logs" does not exist
[SQL: INSERT INTO api_logs (created_at, method, path, status_code, latency_ms, client_host, request_id, error_type, error_detail, traceback) VALUES ($1::TIMESTAMP WITHOUT TIME ZONE, $2::VARCHAR, $3::VARCHAR, $4::INTEGER, $5::INTEGER, $6::VARCHAR, $7::VARCHAR, $8::VARCHAR, $9::VARCHAR, $10::VARCHAR) RETURNING api_logs.id]
[parameters: (datetime.datetime(2026, 9, 3, 8, 59, 32, 163962), 'POST', '/api/v1/vitals/ingest', 200, 9, '172.18.0.1', 'e3ab0e2752a34768a01e053c505a5ef5', None, None, None)]
(Background on this error at: https://sqlalche.me/e/20/f405)
INFO:     172.18.0.1:43336 - "POST /api/v1/vitals/ingest HTTP/1.1" 200 OK
api_log write failed: (sqlalchemy.dialects.postgresql.asyncpg.ProgrammingError) <class 'asyncpg.exceptions.UndefinedTableError'>: relation "api_logs" does not exist
[SQL: INSERT INTO api_logs (created_at, method, path, status_code, latency_ms, client_host, request_id, error_type, error_detail, traceback) VALUES ($1::TIMESTAMP WITHOUT TIME ZONE, $2::VARCHAR, $3::VARCHAR, $4::INTEGER, $5::INTEGER, $6::VARCHAR, $7::VARCHAR, $8::VARCHAR, $9::VARCHAR, $10::VARCHAR) RETURNING api_logs.id]
[parameters: (datetime.datetime(2026, 9, 3, 8, 59, 38, 64304), 'POST', '/api/v1/vitals/ingest', 200, 9, '172.18.0.1', 'cd830e37bf3a4455861db652635eaeda', None, None, None)]
(Background on this error at: https://sqlalche.me/e/20/f405)
INFO:     172.18.0.1:39144 - "POST /api/v1/vitals/ingest HTTP/1.1" 200 OK
api_log write failed: (sqlalchemy.dialects.postgresql.asyncpg.ProgrammingError) <class 'asyncpg.exceptions.UndefinedTableError'>: relation "api_logs" does not exist
[SQL: INSERT INTO api_logs (created_at, method, path, status_code, latency_ms, client_host, request_id, error_type, error_detail, traceback) VALUES ($1::TIMESTAMP WITHOUT TIME ZONE, $2::VARCHAR, $3::VARCHAR, $4::INTEGER, $5::INTEGER, $6::VARCHAR, $7::VARCHAR, $8::VARCHAR, $9::VARCHAR, $10::VARCHAR) RETURNING api_logs.id]
[parameters: (datetime.datetime(2026, 9, 3, 8, 59, 43, 999927), 'POST', '/api/v1/vitals/ingest', 200, 8, '172.18.0.1', 'da3c1d3a238a40eb8b836a05068fc058', None, None, None)]
(Background on this error at: https://sqlalche.me/e/20/f405)
INFO:     172.18.0.1:50002 - "POST /api/v1/vitals/ingest HTTP/1.1" 200 OK
api_log write failed: (sqlalchemy.dialects.postgresql.asyncpg.ProgrammingError) <class 'asyncpg.exceptions.UndefinedTableError'>: relation "api_logs" does not exist
[SQL: INSERT INTO api_logs (created_at, method, path, status_code, latency_ms, client_host, request_id, error_type, error_detail, traceback) VALUES ($1::TIMESTAMP WITHOUT TIME ZONE, $2::VARCHAR, $3::VARCHAR, $4::INTEGER, $5::INTEGER, $6::VARCHAR, $7::VARCHAR, $8::VARCHAR, $9::VARCHAR, $10::VARCHAR) RETURNING api_logs.id]
[parameters: (datetime.datetime(2026, 9, 3, 8, 59, 50, 949566), 'POST', '/api/v1/vitals/ingest', 200, 10, '172.18.0.1', 'b1dbee2da0a849678490683fec0458fd', None, None, None)]
(Background on this error at: https://sqlalche.me/e/20/f405)
INFO:     172.18.0.1:50018 - "POST /api/v1/vitals/ingest HTTP/1.1" 200 OK
api_log purge error: (sqlalchemy.dialects.postgresql.asyncpg.ProgrammingError) <class 'asyncpg.exceptions.UndefinedTableError'>: relation "api_logs" does not exist
[SQL: DELETE FROM api_logs WHERE api_logs.created_at < $1::TIMESTAMP WITHOUT TIME ZONE]
[parameters: (datetime.datetime(2026, 9, 1, 8, 59, 56, 969384),)]
(Background on this error at: https://sqlalche.me/e/20/f405)
api_log write failed: (sqlalchemy.dialects.postgresql.asyncpg.ProgrammingError) <class 'asyncpg.exceptions.UndefinedTableError'>: relation "api_logs" does not exist
[SQL: INSERT INTO api_logs (created_at, method, path, status_code, latency_ms, client_host, request_id, error_type, error_detail, traceback) VALUES ($1::TIMESTAMP WITHOUT TIME ZONE, $2::VARCHAR, $3::VARCHAR, $4::INTEGER, $5::INTEGER, $6::VARCHAR, $7::VARCHAR, $8::VARCHAR, $9::VARCHAR, $10::VARCHAR) RETURNING api_logs.id]
[parameters: (datetime.datetime(2026, 9, 3, 9, 0, 32, 962428), 'POST', '/api/v1/vitals/ingest', 200, 8, '172.18.0.1', 'a2b6c3b26d774dd48ee4fff102fa7396', None, None, None)]
(Background on this error at: https://sqlalche.me/e/20/f405)
INFO:     172.18.0.1:44586 - "POST /api/v1/vitals/ingest HTTP/1.1" 200 OK
api_log write failed: (sqlalchemy.dialects.postgresql.asyncpg.ProgrammingError) <class 'asyncpg.exceptions.UndefinedTableError'>: relation "api_logs" does not exist
[SQL: INSERT INTO api_logs (created_at, method, path, status_code, latency_ms, client_host, request_id, error_type, error_detail, traceback) VALUES ($1::TIMESTAMP WITHOUT TIME ZONE, $2::VARCHAR, $3::VARCHAR, $4::INTEGER, $5::INTEGER, $6::VARCHAR, $7::VARCHAR, $8::VARCHAR, $9::VARCHAR, $10::VARCHAR) RETURNING api_logs.id]
[parameters: (datetime.datetime(2026, 9, 3, 9, 0, 33, 417401), 'POST', '/api/v1/vitals/ingest', 200, 9, '172.18.0.1', 'b65766e1f36d48d7bfca91133ba83992', None, None, None)]
(Background on this error at: https://sqlalche.me/e/20/f405)
INFO:     172.18.0.1:44588 - "POST /api/v1/vitals/ingest HTTP/1.1" 200 OK
api_log write failed: (sqlalchemy.dialects.postgresql.asyncpg.ProgrammingError) <class 'asyncpg.exceptions.UndefinedTableError'>: relation "api_logs" does not exist
[SQL: INSERT INTO api_logs (created_at, method, path, status_code, latency_ms, client_host, request_id, error_type, error_detail, traceback) VALUES ($1::TIMESTAMP WITHOUT TIME ZONE, $2::VARCHAR, $3::VARCHAR, $4::INTEGER, $5::INTEGER, $6::VARCHAR, $7::VARCHAR, $8::VARCHAR, $9::VARCHAR, $10::VARCHAR) RETURNING api_logs.id]
[parameters: (datetime.datetime(2026, 9, 3, 9, 0, 44, 15232), 'POST', '/api/v1/vitals/ingest', 200, 9, '172.18.0.1', 'd0da6fdd7c6a4e2793da34e62816deba', None, None, None)]
(Background on this error at: https://sqlalche.me/e/20/f405)
INFO:     172.18.0.1:38996 - "POST /api/v1/vitals/ingest HTTP/1.1" 200 OK
api_log write failed: (sqlalchemy.dialects.postgresql.asyncpg.ProgrammingError) <class 'asyncpg.exceptions.UndefinedTableError'>: relation "api_logs" does not exist
[SQL: INSERT INTO api_logs (created_at, method, path, status_code, latency_ms, client_host, request_id, error_type, error_detail, traceback) VALUES ($1::TIMESTAMP WITHOUT TIME ZONE, $2::VARCHAR, $3::VARCHAR, $4::INTEGER, $5::INTEGER, $6::VARCHAR, $7::VARCHAR, $8::VARCHAR, $9::VARCHAR, $10::VARCHAR) RETURNING api_logs.id]
[parameters: (datetime.datetime(2026, 9, 3, 9, 0, 50, 986898), 'POST', '/api/v1/vitals/ingest', 200, 8, '172.18.0.1', '1eadbc19f58548a3a7f932e8ade57f18', None, None, None)]
(Background on this error at: https://sqlalche.me/e/20/f405)
INFO:     172.18.0.1:39002 - "POST /api/v1/vitals/ingest HTTP/1.1" 200 OK
api_log purge error: (sqlalchemy.dialects.postgresql.asyncpg.ProgrammingError) <class 'asyncpg.exceptions.UndefinedTableError'>: relation "api_logs" does not exist
[SQL: DELETE FROM api_logs WHERE api_logs.created_at < $1::TIMESTAMP WITHOUT TIME ZONE]
[parameters: (datetime.datetime(2026, 9, 1, 9, 0, 56, 973967),)]
(Background on this error at: https://sqlalche.me/e/20/f405)
api_log write failed: (sqlalchemy.dialects.postgresql.asyncpg.ProgrammingError) <class 'asyncpg.exceptions.UndefinedTableError'>: relation "api_logs" does not exist
[SQL: INSERT INTO api_logs (created_at, method, path, status_code, latency_ms, client_host, request_id, error_type, error_detail, traceback) VALUES ($1::TIMESTAMP WITHOUT TIME ZONE, $2::VARCHAR, $3::VARCHAR, $4::INTEGER, $5::INTEGER, $6::VARCHAR, $7::VARCHAR, $8::VARCHAR, $9::VARCHAR, $10::VARCHAR) RETURNING api_logs.id]
[parameters: (datetime.datetime(2026, 9, 3, 9, 1, 23, 741527), 'POST', '/api/v1/vitals/ingest', 200, 10, '172.18.0.1', '4d4f9ce863e44d5d9c16df769d0fa01e', None, None, None)]
(Background on this error at: https://sqlalche.me/e/20/f405)
INFO:     172.18.0.1:55758 - "POST /api/v1/vitals/ingest HTTP/1.1" 200 OK
api_log write failed: (sqlalchemy.dialects.postgresql.asyncpg.ProgrammingError) <class 'asyncpg.exceptions.UndefinedTableError'>: relation "api_logs" does not exist
[SQL: INSERT INTO api_logs (created_at, method, path, status_code, latency_ms, client_host, request_id, error_type, error_detail, traceback) VALUES ($1::TIMESTAMP WITHOUT TIME ZONE, $2::VARCHAR, $3::VARCHAR, $4::INTEGER, $5::INTEGER, $6::VARCHAR, $7::VARCHAR, $8::VARCHAR, $9::VARCHAR, $10::VARCHAR) RETURNING api_logs.id]
[parameters: (datetime.datetime(2026, 9, 3, 9, 1, 32, 930037), 'POST', '/api/v1/vitals/ingest', 200, 9, '172.18.0.1', '4e9b860f42ac4d0aade58c66b24030a5', None, None, None)]
(Background on this error at: https://sqlalche.me/e/20/f405)
INFO:     172.18.0.1:54522 - "POST /api/v1/vitals/ingest HTTP/1.1" 200 OK
api_log write failed: (sqlalchemy.dialects.postgresql.asyncpg.ProgrammingError) <class 'asyncpg.exceptions.UndefinedTableError'>: relation "api_logs" does not exist
[SQL: INSERT INTO api_logs (created_at, method, path, status_code, latency_ms, client_host, request_id, error_type, error_detail, traceback) VALUES ($1::TIMESTAMP WITHOUT TIME ZONE, $2::VARCHAR, $3::VARCHAR, $4::INTEGER, $5::INTEGER, $6::VARCHAR, $7::VARCHAR, $8::VARCHAR, $9::VARCHAR, $10::VARCHAR) RETURNING api_logs.id]
[parameters: (datetime.datetime(2026, 9, 3, 9, 1, 43, 993854), 'POST', '/api/v1/vitals/ingest', 200, 9, '172.18.0.1', 'cdda385f3fbe4195926318e543f7cd57', None, None, None)]
(Background on this error at: https://sqlalche.me/e/20/f405)
INFO:     172.18.0.1:47208 - "POST /api/v1/vitals/ingest HTTP/1.1" 200 OK
api_log write failed: (sqlalchemy.dialects.postgresql.asyncpg.ProgrammingError) <class 'asyncpg.exceptions.UndefinedTableError'>: relation "api_logs" does not exist
[SQL: INSERT INTO api_logs (created_at, method, path, status_code, latency_ms, client_host, request_id, error_type, error_detail, traceback) VALUES ($1::TIMESTAMP WITHOUT TIME ZONE, $2::VARCHAR, $3::VARCHAR, $4::INTEGER, $5::INTEGER, $6::VARCHAR, $7::VARCHAR, $8::VARCHAR, $9::VARCHAR, $10::VARCHAR) RETURNING api_logs.id]
[parameters: (datetime.datetime(2026, 9, 3, 9, 1, 50, 862037), 'POST', '/api/v1/vitals/ingest', 200, 9, '172.18.0.1', '5e2c24cefaf44995b265ca66fe2e04e4', None, None, None)]
(Background on this error at: https://sqlalche.me/e/20/f405)
INFO:     172.18.0.1:47224 - "POST /api/v1/vitals/ingest HTTP/1.1" 200 OK
api_log purge error: (sqlalchemy.dialects.postgresql.asyncpg.ProgrammingError) <class 'asyncpg.exceptions.UndefinedTableError'>: relation "api_logs" does not exist
[SQL: DELETE FROM api_logs WHERE api_logs.created_at < $1::TIMESTAMP WITHOUT TIME ZONE]
[parameters: (datetime.datetime(2026, 9, 1, 9, 1, 56, 977682),)]
(Background on this error at: https://sqlalche.me/e/20/f405)
api_log write failed: (sqlalchemy.dialects.postgresql.asyncpg.ProgrammingError) <class 'asyncpg.exceptions.UndefinedTableError'>: relation "api_logs" does not exist
[SQL: INSERT INTO api_logs (created_at, method, path, status_code, latency_ms, client_host, request_id, error_type, error_detail, traceback) VALUES ($1::TIMESTAMP WITHOUT TIME ZONE, $2::VARCHAR, $3::VARCHAR, $4::INTEGER, $5::INTEGER, $6::VARCHAR, $7::VARCHAR, $8::VARCHAR, $9::VARCHAR, $10::VARCHAR) RETURNING api_logs.id]
[parameters: (datetime.datetime(2026, 9, 3, 9, 2, 33, 856879), 'POST', '/api/v1/vitals/ingest', 200, 9, '172.18.0.1', 'dfbc6ace6f184ad08f10dc5a4e0ac372', None, None, None)]
(Background on this error at: https://sqlalche.me/e/20/f405)
INFO:     172.18.0.1:33690 - "POST /api/v1/vitals/ingest HTTP/1.1" 200 OK
api_log write failed: (sqlalchemy.dialects.postgresql.asyncpg.ProgrammingError) <class 'asyncpg.exceptions.UndefinedTableError'>: relation "api_logs" does not exist
[SQL: INSERT INTO api_logs (created_at, method, path, status_code, latency_ms, client_host, request_id, error_type, error_detail, traceback) VALUES ($1::TIMESTAMP WITHOUT TIME ZONE, $2::VARCHAR, $3::VARCHAR, $4::INTEGER, $5::INTEGER, $6::VARCHAR, $7::VARCHAR, $8::VARCHAR, $9::VARCHAR, $10::VARCHAR) RETURNING api_logs.id]
[parameters: (datetime.datetime(2026, 9, 3, 9, 2, 44, 36807), 'POST', '/api/v1/vitals/ingest', 200, 8, '172.18.0.1', '4cf009df743745f3adac9deda5a6d846', None, None, None)]
(Background on this error at: https://sqlalche.me/e/20/f405)
INFO:     172.18.0.1:51450 - "POST /api/v1/vitals/ingest HTTP/1.1" 200 OK
api_log write failed: (sqlalchemy.dialects.postgresql.asyncpg.ProgrammingError) <class 'asyncpg.exceptions.UndefinedTableError'>: relation "api_logs" does not exist
[SQL: INSERT INTO api_logs (created_at, method, path, status_code, latency_ms, client_host, request_id, error_type, error_detail, traceback) VALUES ($1::TIMESTAMP WITHOUT TIME ZONE, $2::VARCHAR, $3::VARCHAR, $4::INTEGER, $5::INTEGER, $6::VARCHAR, $7::VARCHAR, $8::VARCHAR, $9::VARCHAR, $10::VARCHAR) RETURNING api_logs.id]
[parameters: (datetime.datetime(2026, 9, 3, 9, 2, 50, 880075), 'POST', '/api/v1/vitals/ingest', 200, 9, '172.18.0.1', '162616866160451a910bd848e4a6ceaf', None, None, None)]
(Background on this error at: https://sqlalche.me/e/20/f405)
INFO:     172.18.0.1:51462 - "POST /api/v1/vitals/ingest HTTP/1.1" 200 OK
api_log purge error: (sqlalchemy.dialects.postgresql.asyncpg.ProgrammingError) <class 'asyncpg.exceptions.UndefinedTableError'>: relation "api_logs" does not exist
[SQL: DELETE FROM api_logs WHERE api_logs.created_at < $1::TIMESTAMP WITHOUT TIME ZONE]
[parameters: (datetime.datetime(2026, 9, 1, 9, 2, 56, 981239),)]
(Background on this error at: https://sqlalche.me/e/20/f405)
api_log write failed: (sqlalchemy.dialects.postgresql.asyncpg.ProgrammingError) <class 'asyncpg.exceptions.UndefinedTableError'>: relation "api_logs" does not exist
[SQL: INSERT INTO api_logs (created_at, method, path, status_code, latency_ms, client_host, request_id, error_type, error_detail, traceback) VALUES ($1::TIMESTAMP WITHOUT TIME ZONE, $2::VARCHAR, $3::VARCHAR, $4::INTEGER, $5::INTEGER, $6::VARCHAR, $7::VARCHAR, $8::VARCHAR, $9::VARCHAR, $10::VARCHAR) RETURNING api_logs.id]
[parameters: (datetime.datetime(2026, 9, 3, 9, 3, 33, 406050), 'POST', '/api/v1/vitals/ingest', 200, 9, '172.18.0.1', '8a7bb1cbbe9047fb925f5326de1cef4e', None, None, None)]
(Background on this error at: https://sqlalche.me/e/20/f405)
INFO:     172.18.0.1:55592 - "POST /api/v1/vitals/ingest HTTP/1.1" 200 OK
api_log write failed: (sqlalchemy.dialects.postgresql.asyncpg.ProgrammingError) <class 'asyncpg.exceptions.UndefinedTableError'>: relation "api_logs" does not exist
[SQL: INSERT INTO api_logs (created_at, method, path, status_code, latency_ms, client_host, request_id, error_type, error_detail, traceback) VALUES ($1::TIMESTAMP WITHOUT TIME ZONE, $2::VARCHAR, $3::VARCHAR, $4::INTEGER, $5::INTEGER, $6::VARCHAR, $7::VARCHAR, $8::VARCHAR, $9::VARCHAR, $10::VARCHAR) RETURNING api_logs.id]
[parameters: (datetime.datetime(2026, 9, 3, 9, 3, 43, 997202), 'POST', '/api/v1/vitals/ingest', 200, 9, '172.18.0.1', '12215936c03b4a54bcaaab0f2bc616ee', None, None, None)]
(Background on this error at: https://sqlalche.me/e/20/f405)
INFO:     172.18.0.1:41340 - "POST /api/v1/vitals/ingest HTTP/1.1" 200 OK
api_log write failed: (sqlalchemy.dialects.postgresql.asyncpg.ProgrammingError) <class 'asyncpg.exceptions.UndefinedTableError'>: relation "api_logs" does not exist
[SQL: INSERT INTO api_logs (created_at, method, path, status_code, latency_ms, client_host, request_id, error_type, error_detail, traceback) VALUES ($1::TIMESTAMP WITHOUT TIME ZONE, $2::VARCHAR, $3::VARCHAR, $4::INTEGER, $5::INTEGER, $6::VARCHAR, $7::VARCHAR, $8::VARCHAR, $9::VARCHAR, $10::VARCHAR) RETURNING api_logs.id]
[parameters: (datetime.datetime(2026, 9, 3, 9, 3, 50, 983965), 'POST', '/api/v1/vitals/ingest', 200, 9, '172.18.0.1', '2db531d242974c37a92f13a41db4f2e0', None, None, None)]
(Background on this error at: https://sqlalche.me/e/20/f405)
INFO:     172.18.0.1:41352 - "POST /api/v1/vitals/ingest HTTP/1.1" 200 OK
api_log purge error: (sqlalchemy.dialects.postgresql.asyncpg.ProgrammingError) <class 'asyncpg.exceptions.UndefinedTableError'>: relation "api_logs" does not exist
[SQL: DELETE FROM api_logs WHERE api_logs.created_at < $1::TIMESTAMP WITHOUT TIME ZONE]
[parameters: (datetime.datetime(2026, 9, 1, 9, 3, 56, 984732),)]
(Background on this error at: https://sqlalche.me/e/20/f405)
Failed to fetch staff tokens for patient 5: (sqlalchemy.dialects.postgresql.asyncpg.ProgrammingError) <class 'asyncpg.exceptions.UndefinedTableError'>: relation "device_tokens" does not exist
[SQL: SELECT device_tokens.token 
FROM device_tokens 
WHERE device_tokens.user_id IN ($1::INTEGER)]
[parameters: (7,)]
(Background on this error at: https://sqlalche.me/e/20/f405)
api_log write failed: (sqlalchemy.dialects.postgresql.asyncpg.ProgrammingError) <class 'asyncpg.exceptions.UndefinedTableError'>: relation "api_logs" does not exist
[SQL: INSERT INTO api_logs (created_at, method, path, status_code, latency_ms, client_host, request_id, error_type, error_detail, traceback) VALUES ($1::TIMESTAMP WITHOUT TIME ZONE, $2::VARCHAR, $3::VARCHAR, $4::INTEGER, $5::INTEGER, $6::VARCHAR, $7::VARCHAR, $8::VARCHAR, $9::VARCHAR, $10::VARCHAR) RETURNING api_logs.id]
[parameters: (datetime.datetime(2026, 9, 3, 9, 3, 59, 22426), 'POST', '/api/v1/vitals/ingest', 200, 11, '172.18.0.1', '8809e5bd0236474aa88c1a03907f766b', None, None, None)]
(Background on this error at: https://sqlalche.me/e/20/f405)
INFO:     172.18.0.1:32918 - "POST /api/v1/vitals/ingest HTTP/1.1" 200 OK
api_log write failed: (sqlalchemy.dialects.postgresql.asyncpg.ProgrammingError) <class 'asyncpg.exceptions.UndefinedTableError'>: relation "api_logs" does not exist
[SQL: INSERT INTO api_logs (created_at, method, path, status_code, latency_ms, client_host, request_id, error_type, error_detail, traceback) VALUES ($1::TIMESTAMP WITHOUT TIME ZONE, $2::VARCHAR, $3::VARCHAR, $4::INTEGER, $5::INTEGER, $6::VARCHAR, $7::VARCHAR, $8::VARCHAR, $9::VARCHAR, $10::VARCHAR) RETURNING api_logs.id]
[parameters: (datetime.datetime(2026, 9, 3, 9, 4, 3, 940940), 'GET', '/robots.txt', 404, 0, '172.18.0.1', 'de4f275b908741a49634c05a8b600ea6', None, None, None)]
(Background on this error at: https://sqlalche.me/e/20/f405)
INFO:     172.18.0.1:32930 - "GET /robots.txt HTTP/1.1" 404 Not Found
api_log write failed: (sqlalchemy.dialects.postgresql.asyncpg.ProgrammingError) <class 'asyncpg.exceptions.UndefinedTableError'>: relation "api_logs" does not exist
[SQL: INSERT INTO api_logs (created_at, method, path, status_code, latency_ms, client_host, request_id, error_type, error_detail, traceback) VALUES ($1::TIMESTAMP WITHOUT TIME ZONE, $2::VARCHAR, $3::VARCHAR, $4::INTEGER, $5::INTEGER, $6::VARCHAR, $7::VARCHAR, $8::VARCHAR, $9::VARCHAR, $10::VARCHAR) RETURNING api_logs.id]
[parameters: (datetime.datetime(2026, 9, 3, 9, 4, 4, 14070), 'GET', '/', 200, 0, '172.18.0.1', '4f7d468aaeab45de9d2db6623e226513', None, None, None)]
(Background on this error at: https://sqlalche.me/e/20/f405)
INFO:     172.18.0.1:34776 - "GET / HTTP/1.1" 200 OK
api_log write failed: (sqlalchemy.dialects.postgresql.asyncpg.ProgrammingError) <class 'asyncpg.exceptions.UndefinedTableError'>: relation "api_logs" does not exist
[SQL: INSERT INTO api_logs (created_at, method, path, status_code, latency_ms, client_host, request_id, error_type, error_detail, traceback) VALUES ($1::TIMESTAMP WITHOUT TIME ZONE, $2::VARCHAR, $3::VARCHAR, $4::INTEGER, $5::INTEGER, $6::VARCHAR, $7::VARCHAR, $8::VARCHAR, $9::VARCHAR, $10::VARCHAR) RETURNING api_logs.id]
[parameters: (datetime.datetime(2026, 9, 3, 9, 4, 19, 355515), 'POST', '/api/v1/vitals/ingest', 200, 10, '172.18.0.1', 'e1e83f36515440168a386f97fd7382d1', None, None, None)]
(Background on this error at: https://sqlalche.me/e/20/f405)
INFO:     172.18.0.1:60036 - "POST /api/v1/vitals/ingest HTTP/1.1" 200 OK
api_log write failed: (sqlalchemy.dialects.postgresql.asyncpg.ProgrammingError) <class 'asyncpg.exceptions.UndefinedTableError'>: relation "api_logs" does not exist
[SQL: INSERT INTO api_logs (created_at, method, path, status_code, latency_ms, client_host, request_id, error_type, error_detail, traceback) VALUES ($1::TIMESTAMP WITHOUT TIME ZONE, $2::VARCHAR, $3::VARCHAR, $4::INTEGER, $5::INTEGER, $6::VARCHAR, $7::VARCHAR, $8::VARCHAR, $9::VARCHAR, $10::VARCHAR) RETURNING api_logs.id]
[parameters: (datetime.datetime(2026, 9, 3, 9, 4, 33, 340408), 'POST', '/api/v1/vitals/ingest', 200, 8, '172.18.0.1', '2dc9e9d43d0c43db9b191b0958cd5c89', None, None, None)]
(Background on this error at: https://sqlalche.me/e/20/f405)
INFO:     172.18.0.1:50092 - "POST /api/v1/vitals/ingest HTTP/1.1" 200 OK
api_log write failed: (sqlalchemy.dialects.postgresql.asyncpg.ProgrammingError) <class 'asyncpg.exceptions.UndefinedTableError'>: relation "api_logs" does not exist
[SQL: INSERT INTO api_logs (created_at, method, path, status_code, latency_ms, client_host, request_id, error_type, error_detail, traceback) VALUES ($1::TIMESTAMP WITHOUT TIME ZONE, $2::VARCHAR, $3::VARCHAR, $4::INTEGER, $5::INTEGER, $6::VARCHAR, $7::VARCHAR, $8::VARCHAR, $9::VARCHAR, $10::VARCHAR) RETURNING api_logs.id]
[parameters: (datetime.datetime(2026, 9, 3, 9, 4, 39, 681374), 'POST', '/api/v1/vitals/ingest', 200, 9, '172.18.0.1', 'ecffe41377bd4c32bba9c0fa1e99e5ac', None, None, None)]
(Background on this error at: https://sqlalche.me/e/20/f405)
INFO:     172.18.0.1:36008 - "POST /api/v1/vitals/ingest HTTP/1.1" 200 OK
api_log write failed: (sqlalchemy.dialects.postgresql.asyncpg.ProgrammingError) <class 'asyncpg.exceptions.UndefinedTableError'>: relation "api_logs" does not exist
[SQL: INSERT INTO api_logs (created_at, method, path, status_code, latency_ms, client_host, request_id, error_type, error_detail, traceback) VALUES ($1::TIMESTAMP WITHOUT TIME ZONE, $2::VARCHAR, $3::VARCHAR, $4::INTEGER, $5::INTEGER, $6::VARCHAR, $7::VARCHAR, $8::VARCHAR, $9::VARCHAR, $10::VARCHAR) RETURNING api_logs.id]
[parameters: (datetime.datetime(2026, 9, 3, 9, 4, 44, 1892), 'POST', '/api/v1/vitals/ingest', 200, 9, '172.18.0.1', '82dde4de3e7a40678dbfb9a017c7ae73', None, None, None)]
(Background on this error at: https://sqlalche.me/e/20/f405)
INFO:     172.18.0.1:58174 - "POST /api/v1/vitals/ingest HTTP/1.1" 200 OK
api_log write failed: (sqlalchemy.dialects.postgresql.asyncpg.ProgrammingError) <class 'asyncpg.exceptions.UndefinedTableError'>: relation "api_logs" does not exist
[SQL: INSERT INTO api_logs (created_at, method, path, status_code, latency_ms, client_host, request_id, error_type, error_detail, traceback) VALUES ($1::TIMESTAMP WITHOUT TIME ZONE, $2::VARCHAR, $3::VARCHAR, $4::INTEGER, $5::INTEGER, $6::VARCHAR, $7::VARCHAR, $8::VARCHAR, $9::VARCHAR, $10::VARCHAR) RETURNING api_logs.id]
[parameters: (datetime.datetime(2026, 9, 3, 9, 4, 50, 954201), 'POST', '/api/v1/vitals/ingest', 200, 9, '172.18.0.1', 'a5c2abba48054884a34dbbd31ebdd2fa', None, None, None)]
(Background on this error at: https://sqlalche.me/e/20/f405)
INFO:     172.18.0.1:58188 - "POST /api/v1/vitals/ingest HTTP/1.1" 200 OK
api_log purge error: (sqlalchemy.dialects.postgresql.asyncpg.ProgrammingError) <class 'asyncpg.exceptions.UndefinedTableError'>: relation "api_logs" does not exist
[SQL: DELETE FROM api_logs WHERE api_logs.created_at < $1::TIMESTAMP WITHOUT TIME ZONE]
[parameters: (datetime.datetime(2026, 9, 1, 9, 4, 56, 987825),)]
(Background on this error at: https://sqlalche.me/e/20/f405)
api_log write failed: (sqlalchemy.dialects.postgresql.asyncpg.ProgrammingError) <class 'asyncpg.exceptions.UndefinedTableError'>: relation "api_logs" does not exist
[SQL: INSERT INTO api_logs (created_at, method, path, status_code, latency_ms, client_host, request_id, error_type, error_detail, traceback) VALUES ($1::TIMESTAMP WITHOUT TIME ZONE, $2::VARCHAR, $3::VARCHAR, $4::INTEGER, $5::INTEGER, $6::VARCHAR, $7::VARCHAR, $8::VARCHAR, $9::VARCHAR, $10::VARCHAR) RETURNING api_logs.id]
[parameters: (datetime.datetime(2026, 9, 3, 9, 5, 33, 558064), 'POST', '/api/v1/vitals/ingest', 200, 8, '172.18.0.1', 'e8a625b9703740b783ff78022ce8b7f7', None, None, None)]
(Background on this error at: https://sqlalche.me/e/20/f405)
INFO:     172.18.0.1:35048 - "POST /api/v1/vitals/ingest HTTP/1.1" 200 OK
INFO:     172.18.0.1:40114 - "POST /api/v1/vitals/ingest HTTP/1.1" 200 OK
api_log write failed: (sqlalchemy.dialects.postgresql.asyncpg.ProgrammingError) <class 'asyncpg.exceptions.UndefinedTableError'>: relation "api_logs" does not exist
[SQL: INSERT INTO api_logs (created_at, method, path, status_code, latency_ms, client_host, request_id, error_type, error_detail, traceback) VALUES ($1::TIMESTAMP WITHOUT TIME ZONE, $2::VARCHAR, $3::VARCHAR, $4::INTEGER, $5::INTEGER, $6::VARCHAR, $7::VARCHAR, $8::VARCHAR, $9::VARCHAR, $10::VARCHAR) RETURNING api_logs.id]
[parameters: (datetime.datetime(2026, 9, 3, 9, 5, 35, 53260), 'POST', '/api/v1/vitals/ingest', 200, 9, '172.18.0.1', '4fe80d9b29c642f7a40d36b3e4e9e349', None, None, None)]
(Background on this error at: https://sqlalche.me/e/20/f405)
api_log write failed: (sqlalchemy.dialects.postgresql.asyncpg.ProgrammingError) <class 'asyncpg.exceptions.UndefinedTableError'>: relation "api_logs" does not exist
[SQL: INSERT INTO api_logs (created_at, method, path, status_code, latency_ms, client_host, request_id, error_type, error_detail, traceback) VALUES ($1::TIMESTAMP WITHOUT TIME ZONE, $2::VARCHAR, $3::VARCHAR, $4::INTEGER, $5::INTEGER, $6::VARCHAR, $7::VARCHAR, $8::VARCHAR, $9::VARCHAR, $10::VARCHAR) RETURNING api_logs.id]
[parameters: (datetime.datetime(2026, 9, 3, 9, 5, 43, 999831), 'POST', '/api/v1/vitals/ingest', 200, 9, '172.18.0.1', '0c59c927149d469c865f709cd4da2c4d', None, None, None)]
(Background on this error at: https://sqlalche.me/e/20/f405)
INFO:     172.18.0.1:42182 - "POST /api/v1/vitals/ingest HTTP/1.1" 200 OK
api_log write failed: (sqlalchemy.dialects.postgresql.asyncpg.ProgrammingError) <class 'asyncpg.exceptions.UndefinedTableError'>: relation "api_logs" does not exist
[SQL: INSERT INTO api_logs (created_at, method, path, status_code, latency_ms, client_host, request_id, error_type, error_detail, traceback) VALUES ($1::TIMESTAMP WITHOUT TIME ZONE, $2::VARCHAR, $3::VARCHAR, $4::INTEGER, $5::INTEGER, $6::VARCHAR, $7::VARCHAR, $8::VARCHAR, $9::VARCHAR, $10::VARCHAR) RETURNING api_logs.id]
[parameters: (datetime.datetime(2026, 9, 3, 9, 5, 50, 865158), 'POST', '/api/v1/vitals/ingest', 200, 9, '172.18.0.1', 'a4abfa0d8bc44187b083442985d7c111', None, None, None)]
(Background on this error at: https://sqlalche.me/e/20/f405)
INFO:     172.18.0.1:42194 - "POST /api/v1/vitals/ingest HTTP/1.1" 200 OK
api_log purge error: (sqlalchemy.dialects.postgresql.asyncpg.ProgrammingError) <class 'asyncpg.exceptions.UndefinedTableError'>: relation "api_logs" does not exist
[SQL: DELETE FROM api_logs WHERE api_logs.created_at < $1::TIMESTAMP WITHOUT TIME ZONE]
[parameters: (datetime.datetime(2026, 9, 1, 9, 5, 56, 991980),)]
(Background on this error at: https://sqlalche.me/e/20/f405)
api_log write failed: (sqlalchemy.dialects.postgresql.asyncpg.ProgrammingError) <class 'asyncpg.exceptions.UndefinedTableError'>: relation "api_logs" does not exist
[SQL: INSERT INTO api_logs (created_at, method, path, status_code, latency_ms, client_host, request_id, error_type, error_detail, traceback) VALUES ($1::TIMESTAMP WITHOUT TIME ZONE, $2::VARCHAR, $3::VARCHAR, $4::INTEGER, $5::INTEGER, $6::VARCHAR, $7::VARCHAR, $8::VARCHAR, $9::VARCHAR, $10::VARCHAR) RETURNING api_logs.id]
[parameters: (datetime.datetime(2026, 9, 3, 9, 6, 4, 308129), 'GET', '/api/v1/stream/assigned/stream', 200, 5, '172.18.0.1', '08b3434c4b0f46e99f2797b985e85bf1', None, None, None)]
(Background on this error at: https://sqlalche.me/e/20/f405)
INFO:     172.18.0.1:47452 - "GET /api/v1/stream/assigned/stream?token=eyJhbGciOiJIUzI1NiIsInR5cCI6IkpXVCJ9.eyJzdWIiOiJsYWstMDAxIiwicm9sZSI6ImRvY3RvciIsImV4cCI6MTgxOTcwODgyNiwidHlwZSI6ImFjY2VzcyJ9.JICWjYwqALdnKsOTRksOVxKiE8gOuvklDSe1ISUzk2M HTTP/1.1" 200 OK
api_log write failed: (sqlalchemy.dialects.postgresql.asyncpg.ProgrammingError) <class 'asyncpg.exceptions.UndefinedTableError'>: relation "api_logs" does not exist
[SQL: INSERT INTO api_logs (created_at, method, path, status_code, latency_ms, client_host, request_id, error_type, error_detail, traceback) VALUES ($1::TIMESTAMP WITHOUT TIME ZONE, $2::VARCHAR, $3::VARCHAR, $4::INTEGER, $5::INTEGER, $6::VARCHAR, $7::VARCHAR, $8::VARCHAR, $9::VARCHAR, $10::VARCHAR) RETURNING api_logs.id]
[parameters: (datetime.datetime(2026, 9, 3, 9, 6, 4, 465019), 'GET', '/api/v1/stream/assigned/stream', 200, 5, '172.18.0.1', '9013abba64e84fc385978df48556c914', None, None, None)]
(Background on this error at: https://sqlalche.me/e/20/f405)
INFO:     172.18.0.1:47462 - "GET /api/v1/stream/assigned/stream?token=eyJhbGciOiJIUzI1NiIsInR5cCI6IkpXVCJ9.eyJzdWIiOiJsYWstMDAxIiwicm9sZSI6ImRvY3RvciIsImV4cCI6MTgxOTcwODgyNiwidHlwZSI6ImFjY2VzcyJ9.JICWjYwqALdnKsOTRksOVxKiE8gOuvklDSe1ISUzk2M HTTP/1.1" 200 OK
api_log write failed: (sqlalchemy.dialects.postgresql.asyncpg.ProgrammingError) <class 'asyncpg.exceptions.UndefinedTableError'>: relation "api_logs" does not exist
[SQL: INSERT INTO api_logs (created_at, method, path, status_code, latency_ms, client_host, request_id, error_type, error_detail, traceback) VALUES ($1::TIMESTAMP WITHOUT TIME ZONE, $2::VARCHAR, $3::VARCHAR, $4::INTEGER, $5::INTEGER, $6::VARCHAR, $7::VARCHAR, $8::VARCHAR, $9::VARCHAR, $10::VARCHAR) RETURNING api_logs.id]
[parameters: (datetime.datetime(2026, 9, 3, 9, 6, 25, 354734), 'POST', '/api/v1/vitals/ingest', 200, 9, '172.18.0.1', 'dbcfa4e3e95b4258a854407136e51459', None, None, None)]
(Background on this error at: https://sqlalche.me/e/20/f405)
INFO:     172.18.0.1:55534 - "POST /api/v1/vitals/ingest HTTP/1.1" 200 OK
api_log write failed: (sqlalchemy.dialects.postgresql.asyncpg.ProgrammingError) <class 'asyncpg.exceptions.UndefinedTableError'>: relation "api_logs" does not exist
[SQL: INSERT INTO api_logs (created_at, method, path, status_code, latency_ms, client_host, request_id, error_type, error_detail, traceback) VALUES ($1::TIMESTAMP WITHOUT TIME ZONE, $2::VARCHAR, $3::VARCHAR, $4::INTEGER, $5::INTEGER, $6::VARCHAR, $7::VARCHAR, $8::VARCHAR, $9::VARCHAR, $10::VARCHAR) RETURNING api_logs.id]
[parameters: (datetime.datetime(2026, 9, 3, 9, 6, 33, 701224), 'POST', '/api/v1/vitals/ingest', 200, 9, '172.18.0.1', '26a37d32ddd64c939982617a840b69b6', None, None, None)]
(Background on this error at: https://sqlalche.me/e/20/f405)
INFO:     172.18.0.1:55540 - "POST /api/v1/vitals/ingest HTTP/1.1" 200 OK
api_log write failed: (sqlalchemy.dialects.postgresql.asyncpg.ProgrammingError) <class 'asyncpg.exceptions.UndefinedTableError'>: relation "api_logs" does not exist
[SQL: INSERT INTO api_logs (created_at, method, path, status_code, latency_ms, client_host, request_id, error_type, error_detail, traceback) VALUES ($1::TIMESTAMP WITHOUT TIME ZONE, $2::VARCHAR, $3::VARCHAR, $4::INTEGER, $5::INTEGER, $6::VARCHAR, $7::VARCHAR, $8::VARCHAR, $9::VARCHAR, $10::VARCHAR) RETURNING api_logs.id]
[parameters: (datetime.datetime(2026, 9, 3, 9, 6, 43, 975061), 'POST', '/api/v1/vitals/ingest', 200, 10, '172.18.0.1', 'b58b780eb2814367b06ad00caf3fb571', None, None, None)]
(Background on this error at: https://sqlalche.me/e/20/f405)
INFO:     172.18.0.1:50368 - "POST /api/v1/vitals/ingest HTTP/1.1" 200 OK
api_log write failed: (sqlalchemy.dialects.postgresql.asyncpg.ProgrammingError) <class 'asyncpg.exceptions.UndefinedTableError'>: relation "api_logs" does not exist
[SQL: INSERT INTO api_logs (created_at, method, path, status_code, latency_ms, client_host, request_id, error_type, error_detail, traceback) VALUES ($1::TIMESTAMP WITHOUT TIME ZONE, $2::VARCHAR, $3::VARCHAR, $4::INTEGER, $5::INTEGER, $6::VARCHAR, $7::VARCHAR, $8::VARCHAR, $9::VARCHAR, $10::VARCHAR) RETURNING api_logs.id]
[parameters: (datetime.datetime(2026, 9, 3, 9, 6, 50, 949163), 'POST', '/api/v1/vitals/ingest', 200, 10, '172.18.0.1', '7f890e4062274a67b6a5866346ad5353', None, None, None)]
(Background on this error at: https://sqlalche.me/e/20/f405)
INFO:     172.18.0.1:50380 - "POST /api/v1/vitals/ingest HTTP/1.1" 200 OK
api_log purge error: (sqlalchemy.dialects.postgresql.asyncpg.ProgrammingError) <class 'asyncpg.exceptions.UndefinedTableError'>: relation "api_logs" does not exist
[SQL: DELETE FROM api_logs WHERE api_logs.created_at < $1::TIMESTAMP WITHOUT TIME ZONE]
[parameters: (datetime.datetime(2026, 9, 1, 9, 6, 56, 996004),)]
(Background on this error at: https://sqlalche.me/e/20/f405)
api_log write failed: (sqlalchemy.dialects.postgresql.asyncpg.ProgrammingError) <class 'asyncpg.exceptions.UndefinedTableError'>: relation "api_logs" does not exist
[SQL: INSERT INTO api_logs (created_at, method, path, status_code, latency_ms, client_host, request_id, error_type, error_detail, traceback) VALUES ($1::TIMESTAMP WITHOUT TIME ZONE, $2::VARCHAR, $3::VARCHAR, $4::INTEGER, $5::INTEGER, $6::VARCHAR, $7::VARCHAR, $8::VARCHAR, $9::VARCHAR, $10::VARCHAR) RETURNING api_logs.id]
[parameters: (datetime.datetime(2026, 9, 3, 9, 7, 35, 388213), 'POST', '/api/v1/vitals/ingest', 200, 9, '172.18.0.1', '5ac65cb63c0e404ba53da5fec817456a', None, None, None)]
(Background on this error at: https://sqlalche.me/e/20/f405)
INFO:     172.18.0.1:47832 - "POST /api/v1/vitals/ingest HTTP/1.1" 200 OK
api_log write failed: (sqlalchemy.dialects.postgresql.asyncpg.ProgrammingError) <class 'asyncpg.exceptions.UndefinedTableError'>: relation "api_logs" does not exist
[SQL: INSERT INTO api_logs (created_at, method, path, status_code, latency_ms, client_host, request_id, error_type, error_detail, traceback) VALUES ($1::TIMESTAMP WITHOUT TIME ZONE, $2::VARCHAR, $3::VARCHAR, $4::INTEGER, $5::INTEGER, $6::VARCHAR, $7::VARCHAR, $8::VARCHAR, $9::VARCHAR, $10::VARCHAR) RETURNING api_logs.id]
[parameters: (datetime.datetime(2026, 9, 3, 9, 7, 44, 1247), 'POST', '/api/v1/vitals/ingest', 200, 10, '172.18.0.1', '0a30f45dfffd4f098bb60e689f094fe1', None, None, None)]
(Background on this error at: https://sqlalche.me/e/20/f405)
INFO:     172.18.0.1:45968 - "POST /api/v1/vitals/ingest HTTP/1.1" 200 OK
api_log write failed: (sqlalchemy.dialects.postgresql.asyncpg.ProgrammingError) <class 'asyncpg.exceptions.UndefinedTableError'>: relation "api_logs" does not exist
[SQL: INSERT INTO api_logs (created_at, method, path, status_code, latency_ms, client_host, request_id, error_type, error_detail, traceback) VALUES ($1::TIMESTAMP WITHOUT TIME ZONE, $2::VARCHAR, $3::VARCHAR, $4::INTEGER, $5::INTEGER, $6::VARCHAR, $7::VARCHAR, $8::VARCHAR, $9::VARCHAR, $10::VARCHAR) RETURNING api_logs.id]
[parameters: (datetime.datetime(2026, 9, 3, 9, 7, 50, 883449), 'POST', '/api/v1/vitals/ingest', 200, 10, '172.18.0.1', '1f64ce39cf7e401faee3faa95845ae7e', None, None, None)]
(Background on this error at: https://sqlalche.me/e/20/f405)
INFO:     172.18.0.1:45974 - "POST /api/v1/vitals/ingest HTTP/1.1" 200 OK
api_log purge error: (sqlalchemy.dialects.postgresql.asyncpg.ProgrammingError) <class 'asyncpg.exceptions.UndefinedTableError'>: relation "api_logs" does not exist
[SQL: DELETE FROM api_logs WHERE api_logs.created_at < $1::TIMESTAMP WITHOUT TIME ZONE]
[parameters: (datetime.datetime(2026, 9, 1, 9, 7, 56, 998943),)]
(Background on this error at: https://sqlalche.me/e/20/f405)
api_log write failed: (sqlalchemy.dialects.postgresql.asyncpg.ProgrammingError) <class 'asyncpg.exceptions.UndefinedTableError'>: relation "api_logs" does not exist
[SQL: INSERT INTO api_logs (created_at, method, path, status_code, latency_ms, client_host, request_id, error_type, error_detail, traceback) VALUES ($1::TIMESTAMP WITHOUT TIME ZONE, $2::VARCHAR, $3::VARCHAR, $4::INTEGER, $5::INTEGER, $6::VARCHAR, $7::VARCHAR, $8::VARCHAR, $9::VARCHAR, $10::VARCHAR) RETURNING api_logs.id]
[parameters: (datetime.datetime(2026, 9, 3, 9, 8, 33, 925194), 'POST', '/api/v1/vitals/ingest', 200, 10, '172.18.0.1', 'ef738971e0c54887a6a9406d0c20cb9e', None, None, None)]
(Background on this error at: https://sqlalche.me/e/20/f405)
INFO:     172.18.0.1:51646 - "POST /api/v1/vitals/ingest HTTP/1.1" 200 OK
api_log write failed: (sqlalchemy.dialects.postgresql.asyncpg.ProgrammingError) <class 'asyncpg.exceptions.UndefinedTableError'>: relation "api_logs" does not exist
[SQL: INSERT INTO api_logs (created_at, method, path, status_code, latency_ms, client_host, request_id, error_type, error_detail, traceback) VALUES ($1::TIMESTAMP WITHOUT TIME ZONE, $2::VARCHAR, $3::VARCHAR, $4::INTEGER, $5::INTEGER, $6::VARCHAR, $7::VARCHAR, $8::VARCHAR, $9::VARCHAR, $10::VARCHAR) RETURNING api_logs.id]
[parameters: (datetime.datetime(2026, 9, 3, 9, 8, 44, 25192), 'POST', '/api/v1/vitals/ingest', 200, 9, '172.18.0.1', '0b145c9d93a146a69f27f6d9e5d45a68', None, None, None)]
(Background on this error at: https://sqlalche.me/e/20/f405)
INFO:     172.18.0.1:51282 - "POST /api/v1/vitals/ingest HTTP/1.1" 200 OK
INFO:     172.18.0.1:51290 - "POST /api/v1/vitals/ingest HTTP/1.1" 200 OK
api_log write failed: (sqlalchemy.dialects.postgresql.asyncpg.ProgrammingError) <class 'asyncpg.exceptions.UndefinedTableError'>: relation "api_logs" does not exist
[SQL: INSERT INTO api_logs (created_at, method, path, status_code, latency_ms, client_host, request_id, error_type, error_detail, traceback) VALUES ($1::TIMESTAMP WITHOUT TIME ZONE, $2::VARCHAR, $3::VARCHAR, $4::INTEGER, $5::INTEGER, $6::VARCHAR, $7::VARCHAR, $8::VARCHAR, $9::VARCHAR, $10::VARCHAR) RETURNING api_logs.id]
[parameters: (datetime.datetime(2026, 9, 3, 9, 8, 50, 933898), 'POST', '/api/v1/vitals/ingest', 200, 10, '172.18.0.1', 'f416a09b6b6f4af281ca2b3a2a460b18', None, None, None)]
(Background on this error at: https://sqlalche.me/e/20/f405)
api_log purge error: (sqlalchemy.dialects.postgresql.asyncpg.ProgrammingError) <class 'asyncpg.exceptions.UndefinedTableError'>: relation "api_logs" does not exist
[SQL: DELETE FROM api_logs WHERE api_logs.created_at < $1::TIMESTAMP WITHOUT TIME ZONE]
[parameters: (datetime.datetime(2026, 9, 1, 9, 8, 57, 2580),)]
(Background on this error at: https://sqlalche.me/e/20/f405)
Failed to fetch staff tokens for patient 5: (sqlalchemy.dialects.postgresql.asyncpg.ProgrammingError) <class 'asyncpg.exceptions.UndefinedTableError'>: relation "device_tokens" does not exist
[SQL: SELECT device_tokens.token 
FROM device_tokens 
WHERE device_tokens.user_id IN ($1::INTEGER)]
[parameters: (7,)]
(Background on this error at: https://sqlalche.me/e/20/f405)
api_log write failed: (sqlalchemy.dialects.postgresql.asyncpg.ProgrammingError) <class 'asyncpg.exceptions.UndefinedTableError'>: relation "api_logs" does not exist
[SQL: INSERT INTO api_logs (created_at, method, path, status_code, latency_ms, client_host, request_id, error_type, error_detail, traceback) VALUES ($1::TIMESTAMP WITHOUT TIME ZONE, $2::VARCHAR, $3::VARCHAR, $4::INTEGER, $5::INTEGER, $6::VARCHAR, $7::VARCHAR, $8::VARCHAR, $9::VARCHAR, $10::VARCHAR) RETURNING api_logs.id]
[parameters: (datetime.datetime(2026, 9, 3, 9, 9, 0, 676034), 'POST', '/api/v1/vitals/ingest', 200, 10, '172.18.0.1', '70c0179ad6794b369b87eacea5489929', None, None, None)]
(Background on this error at: https://sqlalche.me/e/20/f405)
INFO:     172.18.0.1:41752 - "POST /api/v1/vitals/ingest HTTP/1.1" 200 OK
api_log write failed: (sqlalchemy.dialects.postgresql.asyncpg.ProgrammingError) <class 'asyncpg.exceptions.UndefinedTableError'>: relation "api_logs" does not exist
[SQL: INSERT INTO api_logs (created_at, method, path, status_code, latency_ms, client_host, request_id, error_type, error_detail, traceback) VALUES ($1::TIMESTAMP WITHOUT TIME ZONE, $2::VARCHAR, $3::VARCHAR, $4::INTEGER, $5::INTEGER, $6::VARCHAR, $7::VARCHAR, $8::VARCHAR, $9::VARCHAR, $10::VARCHAR) RETURNING api_logs.id]
[parameters: (datetime.datetime(2026, 9, 3, 9, 9, 21, 12142), 'POST', '/api/v1/vitals/ingest', 200, 15, '172.18.0.1', '6dda39cafea344b9b1f9abe16a9dccee', None, None, None)]
(Background on this error at: https://sqlalche.me/e/20/f405)
INFO:     172.18.0.1:40100 - "POST /api/v1/vitals/ingest HTTP/1.1" 200 OK
api_log write failed: (sqlalchemy.dialects.postgresql.asyncpg.ProgrammingError) <class 'asyncpg.exceptions.UndefinedTableError'>: relation "api_logs" does not exist
[SQL: INSERT INTO api_logs (created_at, method, path, status_code, latency_ms, client_host, request_id, error_type, error_detail, traceback) VALUES ($1::TIMESTAMP WITHOUT TIME ZONE, $2::VARCHAR, $3::VARCHAR, $4::INTEGER, $5::INTEGER, $6::VARCHAR, $7::VARCHAR, $8::VARCHAR, $9::VARCHAR, $10::VARCHAR) RETURNING api_logs.id]
[parameters: (datetime.datetime(2026, 9, 3, 9, 9, 41, 315735), 'POST', '/api/v1/vitals/ingest', 200, 9, '172.18.0.1', '595b84bd297a4c3bb5ab144ca67f91eb', None, None, None)]
(Background on this error at: https://sqlalche.me/e/20/f405)
INFO:     172.18.0.1:51660 - "POST /api/v1/vitals/ingest HTTP/1.1" 200 OK
api_log write failed: (sqlalchemy.dialects.postgresql.asyncpg.ProgrammingError) <class 'asyncpg.exceptions.UndefinedTableError'>: relation "api_logs" does not exist
[SQL: INSERT INTO api_logs (created_at, method, path, status_code, latency_ms, client_host, request_id, error_type, error_detail, traceback) VALUES ($1::TIMESTAMP WITHOUT TIME ZONE, $2::VARCHAR, $3::VARCHAR, $4::INTEGER, $5::INTEGER, $6::VARCHAR, $7::VARCHAR, $8::VARCHAR, $9::VARCHAR, $10::VARCHAR) RETURNING api_logs.id]
[parameters: (datetime.datetime(2026, 9, 3, 9, 9, 43, 965500), 'POST', '/api/v1/vitals/ingest', 200, 9, '172.18.0.1', 'ad228f5ed7354896a5049dc0f8207cf2', None, None, None)]
(Background on this error at: https://sqlalche.me/e/20/f405)
INFO:     172.18.0.1:37932 - "POST /api/v1/vitals/ingest HTTP/1.1" 200 OK
api_log write failed: (sqlalchemy.dialects.postgresql.asyncpg.ProgrammingError) <class 'asyncpg.exceptions.UndefinedTableError'>: relation "api_logs" does not exist
[SQL: INSERT INTO api_logs (created_at, method, path, status_code, latency_ms, client_host, request_id, error_type, error_detail, traceback) VALUES ($1::TIMESTAMP WITHOUT TIME ZONE, $2::VARCHAR, $3::VARCHAR, $4::INTEGER, $5::INTEGER, $6::VARCHAR, $7::VARCHAR, $8::VARCHAR, $9::VARCHAR, $10::VARCHAR) RETURNING api_logs.id]
[parameters: (datetime.datetime(2026, 9, 3, 9, 9, 47, 128558), 'POST', '/api/v1/vitals/ingest', 200, 10, '172.18.0.1', '64e3952b03854ea09533a6ab85fbd009', None, None, None)]
(Background on this error at: https://sqlalche.me/e/20/f405)
INFO:     172.18.0.1:37946 - "POST /api/v1/vitals/ingest HTTP/1.1" 200 OK
✅ Critical Alert Sent successfully. Response: {'status': 'success', 'hasError': False, 'data': 'Your request is in process, check delivery reports for status', 'errors': None, 'request_id': 'e93ac62f3b4c423eb4767b4960f6405e'}
api_log write failed: (sqlalchemy.dialects.postgresql.asyncpg.ProgrammingError) <class 'asyncpg.exceptions.UndefinedTableError'>: relation "api_logs" does not exist
[SQL: INSERT INTO api_logs (created_at, method, path, status_code, latency_ms, client_host, request_id, error_type, error_detail, traceback) VALUES ($1::TIMESTAMP WITHOUT TIME ZONE, $2::VARCHAR, $3::VARCHAR, $4::INTEGER, $5::INTEGER, $6::VARCHAR, $7::VARCHAR, $8::VARCHAR, $9::VARCHAR, $10::VARCHAR) RETURNING api_logs.id]
[parameters: (datetime.datetime(2026, 9, 3, 9, 9, 51, 116238), 'POST', '/api/v1/vitals/ingest', 200, 9, '172.18.0.1', '74e453d465dc4b23a0af9952f1a6adb9', None, None, None)]
(Background on this error at: https://sqlalche.me/e/20/f405)
INFO:     172.18.0.1:37952 - "POST /api/v1/vitals/ingest HTTP/1.1" 200 OK
api_log purge error: (sqlalchemy.dialects.postgresql.asyncpg.ProgrammingError) <class 'asyncpg.exceptions.UndefinedTableError'>: relation "api_logs" does not exist
[SQL: DELETE FROM api_logs WHERE api_logs.created_at < $1::TIMESTAMP WITHOUT TIME ZONE]
[parameters: (datetime.datetime(2026, 9, 1, 9, 9, 57, 7380),)]
(Background on this error at: https://sqlalche.me/e/20/f405)
api_log write failed: (sqlalchemy.dialects.postgresql.asyncpg.ProgrammingError) <class 'asyncpg.exceptions.UndefinedTableError'>: relation "api_logs" does not exist
[SQL: INSERT INTO api_logs (created_at, method, path, status_code, latency_ms, client_host, request_id, error_type, error_detail, traceback) VALUES ($1::TIMESTAMP WITHOUT TIME ZONE, $2::VARCHAR, $3::VARCHAR, $4::INTEGER, $5::INTEGER, $6::VARCHAR, $7::VARCHAR, $8::VARCHAR, $9::VARCHAR, $10::VARCHAR) RETURNING api_logs.id]
[parameters: (datetime.datetime(2026, 9, 3, 9, 10, 36, 688581), 'POST', '/api/v1/vitals/ingest', 200, 8, '172.18.0.1', '89f7a091c60e478b9256a374343be7d9', None, None, None)]
(Background on this error at: https://sqlalche.me/e/20/f405)
INFO:     172.18.0.1:48598 - "POST /api/v1/vitals/ingest HTTP/1.1" 200 OK
api_log write failed: (sqlalchemy.dialects.postgresql.asyncpg.ProgrammingError) <class 'asyncpg.exceptions.UndefinedTableError'>: relation "api_logs" does not exist
[SQL: INSERT INTO api_logs (created_at, method, path, status_code, latency_ms, client_host, request_id, error_type, error_detail, traceback) VALUES ($1::TIMESTAMP WITHOUT TIME ZONE, $2::VARCHAR, $3::VARCHAR, $4::INTEGER, $5::INTEGER, $6::VARCHAR, $7::VARCHAR, $8::VARCHAR, $9::VARCHAR, $10::VARCHAR) RETURNING api_logs.id]
[parameters: (datetime.datetime(2026, 9, 3, 9, 10, 39, 216291), 'POST', '/api/v1/vitals/ingest', 200, 10, '172.18.0.1', '23f732959a6442d3897d7d1f791275ae', None, None, None)]
(Background on this error at: https://sqlalche.me/e/20/f405)
INFO:     172.18.0.1:48604 - "POST /api/v1/vitals/ingest HTTP/1.1" 200 OK
api_log write failed: (sqlalchemy.dialects.postgresql.asyncpg.ProgrammingError) <class 'asyncpg.exceptions.UndefinedTableError'>: relation "api_logs" does not exist
[SQL: INSERT INTO api_logs (created_at, method, path, status_code, latency_ms, client_host, request_id, error_type, error_detail, traceback) VALUES ($1::TIMESTAMP WITHOUT TIME ZONE, $2::VARCHAR, $3::VARCHAR, $4::INTEGER, $5::INTEGER, $6::VARCHAR, $7::VARCHAR, $8::VARCHAR, $9::VARCHAR, $10::VARCHAR) RETURNING api_logs.id]
[parameters: (datetime.datetime(2026, 9, 3, 9, 10, 44, 16098), 'POST', '/api/v1/vitals/ingest', 200, 9, '172.18.0.1', '4a683160a48e41a58cb62256b392f160', None, None, None)]
(Background on this error at: https://sqlalche.me/e/20/f405)
INFO:     172.18.0.1:46042 - "POST /api/v1/vitals/ingest HTTP/1.1" 200 OK
api_log write failed: (sqlalchemy.dialects.postgresql.asyncpg.ProgrammingError) <class 'asyncpg.exceptions.UndefinedTableError'>: relation "api_logs" does not exist
[SQL: INSERT INTO api_logs (created_at, method, path, status_code, latency_ms, client_host, request_id, error_type, error_detail, traceback) VALUES ($1::TIMESTAMP WITHOUT TIME ZONE, $2::VARCHAR, $3::VARCHAR, $4::INTEGER, $5::INTEGER, $6::VARCHAR, $7::VARCHAR, $8::VARCHAR, $9::VARCHAR, $10::VARCHAR) RETURNING api_logs.id]
[parameters: (datetime.datetime(2026, 9, 3, 9, 10, 51, 148646), 'POST', '/api/v1/vitals/ingest', 200, 8, '172.18.0.1', '2d2837ccca524953a4d068cecffbe1cf', None, None, None)]
(Background on this error at: https://sqlalche.me/e/20/f405)
INFO:     172.18.0.1:46044 - "POST /api/v1/vitals/ingest HTTP/1.1" 200 OK
api_log purge error: (sqlalchemy.dialects.postgresql.asyncpg.ProgrammingError) <class 'asyncpg.exceptions.UndefinedTableError'>: relation "api_logs" does not exist
[SQL: DELETE FROM api_logs WHERE api_logs.created_at < $1::TIMESTAMP WITHOUT TIME ZONE]
[parameters: (datetime.datetime(2026, 9, 1, 9, 10, 57, 14270),)]
(Background on this error at: https://sqlalche.me/e/20/f405)
api_log write failed: (sqlalchemy.dialects.postgresql.asyncpg.ProgrammingError) <class 'asyncpg.exceptions.UndefinedTableError'>: relation "api_logs" does not exist
[SQL: INSERT INTO api_logs (created_at, method, path, status_code, latency_ms, client_host, request_id, error_type, error_detail, traceback) VALUES ($1::TIMESTAMP WITHOUT TIME ZONE, $2::VARCHAR, $3::VARCHAR, $4::INTEGER, $5::INTEGER, $6::VARCHAR, $7::VARCHAR, $8::VARCHAR, $9::VARCHAR, $10::VARCHAR) RETURNING api_logs.id]
[parameters: (datetime.datetime(2026, 9, 3, 9, 11, 27, 21321), 'POST', '/api/v1/vitals/ingest', 200, 9, '172.18.0.1', 'd777914c88504e6aa5fccc92978b792e', None, None, None)]
(Background on this error at: https://sqlalche.me/e/20/f405)
INFO:     172.18.0.1:50448 - "POST /api/v1/vitals/ingest HTTP/1.1" 200 OK
api_log write failed: (sqlalchemy.dialects.postgresql.asyncpg.ProgrammingError) <class 'asyncpg.exceptions.UndefinedTableError'>: relation "api_logs" does not exist
[SQL: INSERT INTO api_logs (created_at, method, path, status_code, latency_ms, client_host, request_id, error_type, error_detail, traceback) VALUES ($1::TIMESTAMP WITHOUT TIME ZONE, $2::VARCHAR, $3::VARCHAR, $4::INTEGER, $5::INTEGER, $6::VARCHAR, $7::VARCHAR, $8::VARCHAR, $9::VARCHAR, $10::VARCHAR) RETURNING api_logs.id]
[parameters: (datetime.datetime(2026, 9, 3, 9, 11, 34, 205157), 'POST', '/api/v1/vitals/ingest', 200, 10, '172.18.0.1', 'd92c0f64e364429f91231c2bf431dc2f', None, None, None)]
(Background on this error at: https://sqlalche.me/e/20/f405)
INFO:     172.18.0.1:38204 - "POST /api/v1/vitals/ingest HTTP/1.1" 200 OK
api_log write failed: (sqlalchemy.dialects.postgresql.asyncpg.ProgrammingError) <class 'asyncpg.exceptions.UndefinedTableError'>: relation "api_logs" does not exist
[SQL: INSERT INTO api_logs (created_at, method, path, status_code, latency_ms, client_host, request_id, error_type, error_detail, traceback) VALUES ($1::TIMESTAMP WITHOUT TIME ZONE, $2::VARCHAR, $3::VARCHAR, $4::INTEGER, $5::INTEGER, $6::VARCHAR, $7::VARCHAR, $8::VARCHAR, $9::VARCHAR, $10::VARCHAR) RETURNING api_logs.id]
[parameters: (datetime.datetime(2026, 9, 3, 9, 11, 43, 999784), 'POST', '/api/v1/vitals/ingest', 200, 8, '172.18.0.1', 'a27a9b51e27f42ee941ef3f9f05a18bc', None, None, None)]
(Background on this error at: https://sqlalche.me/e/20/f405)
INFO:     172.18.0.1:54072 - "POST /api/v1/vitals/ingest HTTP/1.1" 200 OK
Failed to fetch staff tokens for patient 29: (sqlalchemy.dialects.postgresql.asyncpg.ProgrammingError) <class 'asyncpg.exceptions.UndefinedTableError'>: relation "device_tokens" does not exist
[SQL: SELECT device_tokens.token 
FROM device_tokens 
WHERE device_tokens.user_id IN ($1::INTEGER)]
[parameters: (9,)]
(Background on this error at: https://sqlalche.me/e/20/f405)
api_log write failed: (sqlalchemy.dialects.postgresql.asyncpg.ProgrammingError) <class 'asyncpg.exceptions.UndefinedTableError'>: relation "api_logs" does not exist
[SQL: INSERT INTO api_logs (created_at, method, path, status_code, latency_ms, client_host, request_id, error_type, error_detail, traceback) VALUES ($1::TIMESTAMP WITHOUT TIME ZONE, $2::VARCHAR, $3::VARCHAR, $4::INTEGER, $5::INTEGER, $6::VARCHAR, $7::VARCHAR, $8::VARCHAR, $9::VARCHAR, $10::VARCHAR) RETURNING api_logs.id]
[parameters: (datetime.datetime(2026, 9, 3, 9, 11, 50, 907839), 'POST', '/api/v1/vitals/ingest', 200, 12, '172.18.0.1', '705b02d46e874707b094a7816fd88abf', None, None, None)]
(Background on this error at: https://sqlalche.me/e/20/f405)
INFO:     172.18.0.1:54076 - "POST /api/v1/vitals/ingest HTTP/1.1" 200 OK
api_log purge error: (sqlalchemy.dialects.postgresql.asyncpg.ProgrammingError) <class 'asyncpg.exceptions.UndefinedTableError'>: relation "api_logs" does not exist
[SQL: DELETE FROM api_logs WHERE api_logs.created_at < $1::TIMESTAMP WITHOUT TIME ZONE]
[parameters: (datetime.datetime(2026, 9, 1, 9, 11, 57, 19268),)]
(Background on this error at: https://sqlalche.me/e/20/f405)
api_log write failed: (sqlalchemy.dialects.postgresql.asyncpg.ProgrammingError) <class 'asyncpg.exceptions.UndefinedTableError'>: relation "api_logs" does not exist
[SQL: INSERT INTO api_logs (created_at, method, path, status_code, latency_ms, client_host, request_id, error_type, error_detail, traceback) VALUES ($1::TIMESTAMP WITHOUT TIME ZONE, $2::VARCHAR, $3::VARCHAR, $4::INTEGER, $5::INTEGER, $6::VARCHAR, $7::VARCHAR, $8::VARCHAR, $9::VARCHAR, $10::VARCHAR) RETURNING api_logs.id]
[parameters: (datetime.datetime(2026, 9, 3, 9, 12, 36, 729893), 'POST', '/api/v1/vitals/ingest', 200, 10, '172.18.0.1', '7b2327a9d8a14772b3a4066dc83e073a', None, None, None)]
(Background on this error at: https://sqlalche.me/e/20/f405)
INFO:     172.18.0.1:51864 - "POST /api/v1/vitals/ingest HTTP/1.1" 200 OK
api_log write failed: (sqlalchemy.dialects.postgresql.asyncpg.ProgrammingError) <class 'asyncpg.exceptions.UndefinedTableError'>: relation "api_logs" does not exist
[SQL: INSERT INTO api_logs (created_at, method, path, status_code, latency_ms, client_host, request_id, error_type, error_detail, traceback) VALUES ($1::TIMESTAMP WITHOUT TIME ZONE, $2::VARCHAR, $3::VARCHAR, $4::INTEGER, $5::INTEGER, $6::VARCHAR, $7::VARCHAR, $8::VARCHAR, $9::VARCHAR, $10::VARCHAR) RETURNING api_logs.id]
[parameters: (datetime.datetime(2026, 9, 3, 9, 12, 43, 994446), 'POST', '/api/v1/vitals/ingest', 200, 9, '172.18.0.1', '8a40b4f088fa4f49a465b8daf6193a5e', None, None, None)]
(Background on this error at: https://sqlalche.me/e/20/f405)
INFO:     172.18.0.1:33142 - "POST /api/v1/vitals/ingest HTTP/1.1" 200 OK
api_log write failed: (sqlalchemy.dialects.postgresql.asyncpg.ProgrammingError) <class 'asyncpg.exceptions.UndefinedTableError'>: relation "api_logs" does not exist
[SQL: INSERT INTO api_logs (created_at, method, path, status_code, latency_ms, client_host, request_id, error_type, error_detail, traceback) VALUES ($1::TIMESTAMP WITHOUT TIME ZONE, $2::VARCHAR, $3::VARCHAR, $4::INTEGER, $5::INTEGER, $6::VARCHAR, $7::VARCHAR, $8::VARCHAR, $9::VARCHAR, $10::VARCHAR) RETURNING api_logs.id]
[parameters: (datetime.datetime(2026, 9, 3, 9, 12, 47, 593280), 'OPTIONS', '/api/v1/auth/profile', 200, 0, '172.18.0.1', '658e7a94fec4417293d707ba203df7b9', None, None, None)]
(Background on this error at: https://sqlalche.me/e/20/f405)
INFO:     172.18.0.1:33152 - "OPTIONS /api/v1/auth/profile HTTP/1.1" 200 OK
api_log write failed: (sqlalchemy.dialects.postgresql.asyncpg.ProgrammingError) <class 'asyncpg.exceptions.UndefinedTableError'>: relation "api_logs" does not exist
[SQL: INSERT INTO api_logs (created_at, method, path, status_code, latency_ms, client_host, request_id, error_type, error_detail, traceback) VALUES ($1::TIMESTAMP WITHOUT TIME ZONE, $2::VARCHAR, $3::VARCHAR, $4::INTEGER, $5::INTEGER, $6::VARCHAR, $7::VARCHAR, $8::VARCHAR, $9::VARCHAR, $10::VARCHAR) RETURNING api_logs.id]
[parameters: (datetime.datetime(2026, 9, 3, 9, 12, 47, 676908), 'GET', '/api/v1/auth/profile', 200, 4, '172.18.0.1', 'bb2cf9c2524246e0ba1f31bc0b25855f', None, None, None)]
(Background on this error at: https://sqlalche.me/e/20/f405)
INFO:     172.18.0.1:33164 - "GET /api/v1/auth/profile HTTP/1.1" 200 OK
api_log write failed: (sqlalchemy.dialects.postgresql.asyncpg.ProgrammingError) <class 'asyncpg.exceptions.UndefinedTableError'>: relation "api_logs" does not exist
[SQL: INSERT INTO api_logs (created_at, method, path, status_code, latency_ms, client_host, request_id, error_type, error_detail, traceback) VALUES ($1::TIMESTAMP WITHOUT TIME ZONE, $2::VARCHAR, $3::VARCHAR, $4::INTEGER, $5::INTEGER, $6::VARCHAR, $7::VARCHAR, $8::VARCHAR, $9::VARCHAR, $10::VARCHAR) RETURNING api_logs.id]
[parameters: (datetime.datetime(2026, 9, 3, 9, 12, 47, 748250), 'OPTIONS', '/api/v1/discovery/organizations/1/doctors', 200, 0, '172.18.0.1', '044c6044d5d945a793d644381b18af99', None, None, None)]
(Background on this error at: https://sqlalche.me/e/20/f405)
INFO:     172.18.0.1:33174 - "OPTIONS /api/v1/discovery/organizations/1/doctors HTTP/1.1" 200 OK
INFO:     172.18.0.1:33184 - "GET /api/v1/discovery/organizations/1/doctors HTTP/1.1" 200 OK
api_log write failed: (sqlalchemy.dialects.postgresql.asyncpg.ProgrammingError) <class 'asyncpg.exceptions.UndefinedTableError'>: relation "api_logs" does not exist
[SQL: INSERT INTO api_logs (created_at, method, path, status_code, latency_ms, client_host, request_id, error_type, error_detail, traceback) VALUES ($1::TIMESTAMP WITHOUT TIME ZONE, $2::VARCHAR, $3::VARCHAR, $4::INTEGER, $5::INTEGER, $6::VARCHAR, $7::VARCHAR, $8::VARCHAR, $9::VARCHAR, $10::VARCHAR) RETURNING api_logs.id]
[parameters: (datetime.datetime(2026, 9, 3, 9, 12, 47, 825627), 'GET', '/api/v1/discovery/organizations/1/doctors', 200, 3, '172.18.0.1', '5e4a81366ecb48a6a4b05d66c9ab70c2', None, None, None)]
(Background on this error at: https://sqlalche.me/e/20/f405)
api_log write failed: (sqlalchemy.dialects.postgresql.asyncpg.ProgrammingError) <class 'asyncpg.exceptions.UndefinedTableError'>: relation "api_logs" does not exist
[SQL: INSERT INTO api_logs (created_at, method, path, status_code, latency_ms, client_host, request_id, error_type, error_detail, traceback) VALUES ($1::TIMESTAMP WITHOUT TIME ZONE, $2::VARCHAR, $3::VARCHAR, $4::INTEGER, $5::INTEGER, $6::VARCHAR, $7::VARCHAR, $8::VARCHAR, $9::VARCHAR, $10::VARCHAR) RETURNING api_logs.id]
[parameters: (datetime.datetime(2026, 9, 3, 9, 12, 50, 844442), 'POST', '/api/v1/vitals/ingest', 200, 9, '172.18.0.1', '5ccc945705e643b3a3ea5db724412cfa', None, None, None)]
(Background on this error at: https://sqlalche.me/e/20/f405)
INFO:     172.18.0.1:33188 - "POST /api/v1/vitals/ingest HTTP/1.1" 200 OK
api_log purge error: (sqlalchemy.dialects.postgresql.asyncpg.ProgrammingError) <class 'asyncpg.exceptions.UndefinedTableError'>: relation "api_logs" does not exist
[SQL: DELETE FROM api_logs WHERE api_logs.created_at < $1::TIMESTAMP WITHOUT TIME ZONE]
[parameters: (datetime.datetime(2026, 9, 1, 9, 12, 57, 22667),)]
(Background on this error at: https://sqlalche.me/e/20/f405)
INFO:     172.18.0.1:53498 - "OPTIONS /api/v1/patients/patients/29/alerts/3536/snooze HTTP/1.1" 200 OK
api_log write failed: (sqlalchemy.dialects.postgresql.asyncpg.ProgrammingError) <class 'asyncpg.exceptions.UndefinedTableError'>: relation "api_logs" does not exist
[SQL: INSERT INTO api_logs (created_at, method, path, status_code, latency_ms, client_host, request_id, error_type, error_detail, traceback) VALUES ($1::TIMESTAMP WITHOUT TIME ZONE, $2::VARCHAR, $3::VARCHAR, $4::INTEGER, $5::INTEGER, $6::VARCHAR, $7::VARCHAR, $8::VARCHAR, $9::VARCHAR, $10::VARCHAR) RETURNING api_logs.id]
[parameters: (datetime.datetime(2026, 9, 3, 9, 12, 59, 623092), 'OPTIONS', '/api/v1/patients/patients/29/alerts/3536/snooze', 200, 0, '172.18.0.1', '1f899c69923642c7a8116f6cba68b2ce', None, None, None)]
(Background on this error at: https://sqlalche.me/e/20/f405)
api_log write failed: (sqlalchemy.dialects.postgresql.asyncpg.ProgrammingError) <class 'asyncpg.exceptions.UndefinedTableError'>: relation "api_logs" does not exist
[SQL: INSERT INTO api_logs (created_at, method, path, status_code, latency_ms, client_host, request_id, error_type, error_detail, traceback) VALUES ($1::TIMESTAMP WITHOUT TIME ZONE, $2::VARCHAR, $3::VARCHAR, $4::INTEGER, $5::INTEGER, $6::VARCHAR, $7::VARCHAR, $8::VARCHAR, $9::VARCHAR, $10::VARCHAR) RETURNING api_logs.id]
[parameters: (datetime.datetime(2026, 9, 3, 9, 12, 59, 713723), 'POST', '/api/v1/patients/patients/29/alerts/3536/snooze', 404, 11, '172.18.0.1', '1576481c145e44bfb30f3e8c31cd2fd2', None, None, None)]
(Background on this error at: https://sqlalche.me/e/20/f405)
INFO:     172.18.0.1:53506 - "POST /api/v1/patients/patients/29/alerts/3536/snooze HTTP/1.1" 404 Not Found
api_log write failed: (sqlalchemy.dialects.postgresql.asyncpg.ProgrammingError) <class 'asyncpg.exceptions.UndefinedTableError'>: relation "api_logs" does not exist
[SQL: INSERT INTO api_logs (created_at, method, path, status_code, latency_ms, client_host, request_id, error_type, error_detail, traceback) VALUES ($1::TIMESTAMP WITHOUT TIME ZONE, $2::VARCHAR, $3::VARCHAR, $4::INTEGER, $5::INTEGER, $6::VARCHAR, $7::VARCHAR, $8::VARCHAR, $9::VARCHAR, $10::VARCHAR) RETURNING api_logs.id]
[parameters: (datetime.datetime(2026, 9, 3, 9, 13, 40, 12648), 'POST', '/api/v1/vitals/ingest', 200, 9, '172.18.0.1', '1c35b6e0e709402fba28efc5d508ff4f', None, None, None)]
(Background on this error at: https://sqlalche.me/e/20/f405)
INFO:     172.18.0.1:58096 - "POST /api/v1/vitals/ingest HTTP/1.1" 200 OK
INFO:     172.18.0.1:58106 - "GET /api/v1/auth/profile HTTP/1.1" 200 OK
api_log write failed: (sqlalchemy.dialects.postgresql.asyncpg.ProgrammingError) <class 'asyncpg.exceptions.UndefinedTableError'>: relation "api_logs" does not exist
[SQL: INSERT INTO api_logs (created_at, method, path, status_code, latency_ms, client_host, request_id, error_type, error_detail, traceback) VALUES ($1::TIMESTAMP WITHOUT TIME ZONE, $2::VARCHAR, $3::VARCHAR, $4::INTEGER, $5::INTEGER, $6::VARCHAR, $7::VARCHAR, $8::VARCHAR, $9::VARCHAR, $10::VARCHAR) RETURNING api_logs.id]
[parameters: (datetime.datetime(2026, 9, 3, 9, 13, 43, 672500), 'GET', '/api/v1/auth/profile', 200, 10, '172.18.0.1', '0c28e08f93c4490c992a5fbcafa6acd5', None, None, None)]
(Background on this error at: https://sqlalche.me/e/20/f405)
api_log write failed: (sqlalchemy.dialects.postgresql.asyncpg.ProgrammingError) <class 'asyncpg.exceptions.UndefinedTableError'>: relation "api_logs" does not exist
[SQL: INSERT INTO api_logs (created_at, method, path, status_code, latency_ms, client_host, request_id, error_type, error_detail, traceback) VALUES ($1::TIMESTAMP WITHOUT TIME ZONE, $2::VARCHAR, $3::VARCHAR, $4::INTEGER, $5::INTEGER, $6::VARCHAR, $7::VARCHAR, $8::VARCHAR, $9::VARCHAR, $10::VARCHAR) RETURNING api_logs.id]
[parameters: (datetime.datetime(2026, 9, 3, 9, 13, 43, 767739), 'GET', '/api/v1/discovery/organizations/1/doctors', 200, 3, '172.18.0.1', 'deb53eca731242d2a3b003431c4a58b2', None, None, None)]
(Background on this error at: https://sqlalche.me/e/20/f405)
INFO:     172.18.0.1:58110 - "GET /api/v1/discovery/organizations/1/doctors HTTP/1.1" 200 OK
api_log write failed: (sqlalchemy.dialects.postgresql.asyncpg.ProgrammingError) <class 'asyncpg.exceptions.UndefinedTableError'>: relation "api_logs" does not exist
[SQL: INSERT INTO api_logs (created_at, method, path, status_code, latency_ms, client_host, request_id, error_type, error_detail, traceback) VALUES ($1::TIMESTAMP WITHOUT TIME ZONE, $2::VARCHAR, $3::VARCHAR, $4::INTEGER, $5::INTEGER, $6::VARCHAR, $7::VARCHAR, $8::VARCHAR, $9::VARCHAR, $10::VARCHAR) RETURNING api_logs.id]
[parameters: (datetime.datetime(2026, 9, 3, 9, 13, 44, 101524), 'POST', '/api/v1/vitals/ingest', 200, 10, '172.18.0.1', 'c150b3cee75d430d925582fb0b74ac68', None, None, None)]
(Background on this error at: https://sqlalche.me/e/20/f405)
INFO:     172.18.0.1:43170 - "POST /api/v1/vitals/ingest HTTP/1.1" 200 OK
api_log write failed: (sqlalchemy.dialects.postgresql.asyncpg.ProgrammingError) <class 'asyncpg.exceptions.UndefinedTableError'>: relation "api_logs" does not exist
[SQL: INSERT INTO api_logs (created_at, method, path, status_code, latency_ms, client_host, request_id, error_type, error_detail, traceback) VALUES ($1::TIMESTAMP WITHOUT TIME ZONE, $2::VARCHAR, $3::VARCHAR, $4::INTEGER, $5::INTEGER, $6::VARCHAR, $7::VARCHAR, $8::VARCHAR, $9::VARCHAR, $10::VARCHAR) RETURNING api_logs.id]
[parameters: (datetime.datetime(2026, 9, 3, 9, 13, 51, 63005), 'POST', '/api/v1/vitals/ingest', 200, 10, '172.18.0.1', '158a4f6a7a024ec28e02b026d5cb78ee', None, None, None)]
(Background on this error at: https://sqlalche.me/e/20/f405)
INFO:     172.18.0.1:43184 - "POST /api/v1/vitals/ingest HTTP/1.1" 200 OK
✅ Critical Alert Sent successfully. Response: {'status': 'success', 'hasError': False, 'data': 'Your request is in process, check delivery reports for status', 'errors': None, 'request_id': 'b39607541e1b459ca69134303b2652a9'}
api_log purge error: (sqlalchemy.dialects.postgresql.asyncpg.ProgrammingError) <class 'asyncpg.exceptions.UndefinedTableError'>: relation "api_logs" does not exist
[SQL: DELETE FROM api_logs WHERE api_logs.created_at < $1::TIMESTAMP WITHOUT TIME ZONE]
[parameters: (datetime.datetime(2026, 9, 1, 9, 13, 57, 27239),)]
(Background on this error at: https://sqlalche.me/e/20/f405)
Failed to fetch staff tokens for patient 5: (sqlalchemy.dialects.postgresql.asyncpg.ProgrammingError) <class 'asyncpg.exceptions.UndefinedTableError'>: relation "device_tokens" does not exist
[SQL: SELECT device_tokens.token 
FROM device_tokens 
WHERE device_tokens.user_id IN ($1::INTEGER)]
[parameters: (7,)]
(Background on this error at: https://sqlalche.me/e/20/f405)
api_log write failed: (sqlalchemy.dialects.postgresql.asyncpg.ProgrammingError) <class 'asyncpg.exceptions.UndefinedTableError'>: relation "api_logs" does not exist
[SQL: INSERT INTO api_logs (created_at, method, path, status_code, latency_ms, client_host, request_id, error_type, error_detail, traceback) VALUES ($1::TIMESTAMP WITHOUT TIME ZONE, $2::VARCHAR, $3::VARCHAR, $4::INTEGER, $5::INTEGER, $6::VARCHAR, $7::VARCHAR, $8::VARCHAR, $9::VARCHAR, $10::VARCHAR) RETURNING api_logs.id]
[parameters: (datetime.datetime(2026, 9, 3, 9, 14, 2, 327159), 'POST', '/api/v1/vitals/ingest', 200, 11, '172.18.0.1', '96d64e38d69148d2939524d8437d64b3', None, None, None)]
(Background on this error at: https://sqlalche.me/e/20/f405)
INFO:     172.18.0.1:59466 - "POST /api/v1/vitals/ingest HTTP/1.1" 200 OK
INFO:     172.18.0.1:55190 - "POST /api/v1/patients/patients/29/alerts/3536/snooze HTTP/1.1" 404 Not Found
api_log write failed: (sqlalchemy.dialects.postgresql.asyncpg.ProgrammingError) <class 'asyncpg.exceptions.UndefinedTableError'>: relation "api_logs" does not exist
[SQL: INSERT INTO api_logs (created_at, method, path, status_code, latency_ms, client_host, request_id, error_type, error_detail, traceback) VALUES ($1::TIMESTAMP WITHOUT TIME ZONE, $2::VARCHAR, $3::VARCHAR, $4::INTEGER, $5::INTEGER, $6::VARCHAR, $7::VARCHAR, $8::VARCHAR, $9::VARCHAR, $10::VARCHAR) RETURNING api_logs.id]
[parameters: (datetime.datetime(2026, 9, 3, 9, 14, 6, 293668), 'POST', '/api/v1/patients/patients/29/alerts/3536/snooze', 404, 5, '172.18.0.1', '53ea6fbe516b4575b0ce48f4ed986a9a', None, None, None)]
(Background on this error at: https://sqlalche.me/e/20/f405)
api_log write failed: (sqlalchemy.dialects.postgresql.asyncpg.ProgrammingError) <class 'asyncpg.exceptions.UndefinedTableError'>: relation "api_logs" does not exist
[SQL: INSERT INTO api_logs (created_at, method, path, status_code, latency_ms, client_host, request_id, error_type, error_detail, traceback) VALUES ($1::TIMESTAMP WITHOUT TIME ZONE, $2::VARCHAR, $3::VARCHAR, $4::INTEGER, $5::INTEGER, $6::VARCHAR, $7::VARCHAR, $8::VARCHAR, $9::VARCHAR, $10::VARCHAR) RETURNING api_logs.id]
[parameters: (datetime.datetime(2026, 9, 3, 9, 14, 22, 842177), 'POST', '/api/v1/vitals/ingest', 200, 10, '172.18.0.1', '9e30946b16a547ccbd6b16d3935be2f2', None, None, None)]
(Background on this error at: https://sqlalche.me/e/20/f405)
INFO:     172.18.0.1:34716 - "POST /api/v1/vitals/ingest HTTP/1.1" 200 OK
✅ Critical Alert Sent successfully. Response: {'status': 'success', 'hasError': False, 'data': 'Your request is in process, check delivery reports for status', 'errors': None, 'request_id': '43ed09826bbe458b9b7eab3b9d6aeeab'}
api_log write failed: (sqlalchemy.dialects.postgresql.asyncpg.ProgrammingError) <class 'asyncpg.exceptions.UndefinedTableError'>: relation "api_logs" does not exist
[SQL: INSERT INTO api_logs (created_at, method, path, status_code, latency_ms, client_host, request_id, error_type, error_detail, traceback) VALUES ($1::TIMESTAMP WITHOUT TIME ZONE, $2::VARCHAR, $3::VARCHAR, $4::INTEGER, $5::INTEGER, $6::VARCHAR, $7::VARCHAR, $8::VARCHAR, $9::VARCHAR, $10::VARCHAR) RETURNING api_logs.id]
[parameters: (datetime.datetime(2026, 9, 3, 9, 14, 35, 77851), 'POST', '/api/v1/vitals/ingest', 200, 10, '172.18.0.1', '876181e77c354d5890de827419488049', None, None, None)]
(Background on this error at: https://sqlalche.me/e/20/f405)
INFO:     172.18.0.1:40506 - "POST /api/v1/vitals/ingest HTTP/1.1" 200 OK
api_log write failed: (sqlalchemy.dialects.postgresql.asyncpg.ProgrammingError) <class 'asyncpg.exceptions.UndefinedTableError'>: relation "api_logs" does not exist
[SQL: INSERT INTO api_logs (created_at, method, path, status_code, latency_ms, client_host, request_id, error_type, error_detail, traceback) VALUES ($1::TIMESTAMP WITHOUT TIME ZONE, $2::VARCHAR, $3::VARCHAR, $4::INTEGER, $5::INTEGER, $6::VARCHAR, $7::VARCHAR, $8::VARCHAR, $9::VARCHAR, $10::VARCHAR) RETURNING api_logs.id]
[parameters: (datetime.datetime(2026, 9, 3, 9, 14, 43, 91701), 'POST', '/api/v1/vitals/ingest', 200, 8, '172.18.0.1', '3d9f21fb7ce4465e97313ef80a181fbe', None, None, None)]
(Background on this error at: https://sqlalche.me/e/20/f405)
INFO:     172.18.0.1:40522 - "POST /api/v1/vitals/ingest HTTP/1.1" 200 OK
INFO:     172.18.0.1:49180 - "POST /api/v1/vitals/ingest HTTP/1.1" 200 OK
api_log write failed: (sqlalchemy.dialects.postgresql.asyncpg.ProgrammingError) <class 'asyncpg.exceptions.UndefinedTableError'>: relation "api_logs" does not exist
[SQL: INSERT INTO api_logs (created_at, method, path, status_code, latency_ms, client_host, request_id, error_type, error_detail, traceback) VALUES ($1::TIMESTAMP WITHOUT TIME ZONE, $2::VARCHAR, $3::VARCHAR, $4::INTEGER, $5::INTEGER, $6::VARCHAR, $7::VARCHAR, $8::VARCHAR, $9::VARCHAR, $10::VARCHAR) RETURNING api_logs.id]
[parameters: (datetime.datetime(2026, 9, 3, 9, 14, 43, 996524), 'POST', '/api/v1/vitals/ingest', 200, 9, '172.18.0.1', '4b82b23640da410480e995c9376e8ad8', None, None, None)]
(Background on this error at: https://sqlalche.me/e/20/f405)
api_log write failed: (sqlalchemy.dialects.postgresql.asyncpg.ProgrammingError) <class 'asyncpg.exceptions.UndefinedTableError'>: relation "api_logs" does not exist
[SQL: INSERT INTO api_logs (created_at, method, path, status_code, latency_ms, client_host, request_id, error_type, error_detail, traceback) VALUES ($1::TIMESTAMP WITHOUT TIME ZONE, $2::VARCHAR, $3::VARCHAR, $4::INTEGER, $5::INTEGER, $6::VARCHAR, $7::VARCHAR, $8::VARCHAR, $9::VARCHAR, $10::VARCHAR) RETURNING api_logs.id]
[parameters: (datetime.datetime(2026, 9, 3, 9, 14, 51, 12345), 'POST', '/api/v1/vitals/ingest', 200, 9, '172.18.0.1', '68b2c4caa15c40fe94f6651efdfa2b76', None, None, None)]
(Background on this error at: https://sqlalche.me/e/20/f405)
INFO:     172.18.0.1:49182 - "POST /api/v1/vitals/ingest HTTP/1.1" 200 OK
api_log purge error: (sqlalchemy.dialects.postgresql.asyncpg.ProgrammingError) <class 'asyncpg.exceptions.UndefinedTableError'>: relation "api_logs" does not exist
[SQL: DELETE FROM api_logs WHERE api_logs.created_at < $1::TIMESTAMP WITHOUT TIME ZONE]
[parameters: (datetime.datetime(2026, 9, 1, 9, 14, 57, 31687),)]
(Background on this error at: https://sqlalche.me/e/20/f405)
api_log write failed: (sqlalchemy.dialects.postgresql.asyncpg.ProgrammingError) <class 'asyncpg.exceptions.UndefinedTableError'>: relation "api_logs" does not exist
[SQL: INSERT INTO api_logs (created_at, method, path, status_code, latency_ms, client_host, request_id, error_type, error_detail, traceback) VALUES ($1::TIMESTAMP WITHOUT TIME ZONE, $2::VARCHAR, $3::VARCHAR, $4::INTEGER, $5::INTEGER, $6::VARCHAR, $7::VARCHAR, $8::VARCHAR, $9::VARCHAR, $10::VARCHAR) RETURNING api_logs.id]
[parameters: (datetime.datetime(2026, 9, 3, 9, 15, 38, 495037), 'POST', '/api/v1/vitals/ingest', 200, 8, '172.18.0.1', '536e8eb088fe498bbbea795cf22ee325', None, None, None)]
(Background on this error at: https://sqlalche.me/e/20/f405)
INFO:     172.18.0.1:56664 - "POST /api/v1/vitals/ingest HTTP/1.1" 200 OK
api_log write failed: (sqlalchemy.dialects.postgresql.asyncpg.ProgrammingError) <class 'asyncpg.exceptions.UndefinedTableError'>: relation "api_logs" does not exist
[SQL: INSERT INTO api_logs (created_at, method, path, status_code, latency_ms, client_host, request_id, error_type, error_detail, traceback) VALUES ($1::TIMESTAMP WITHOUT TIME ZONE, $2::VARCHAR, $3::VARCHAR, $4::INTEGER, $5::INTEGER, $6::VARCHAR, $7::VARCHAR, $8::VARCHAR, $9::VARCHAR, $10::VARCHAR) RETURNING api_logs.id]
[parameters: (datetime.datetime(2026, 9, 3, 9, 15, 40, 38551), 'POST', '/api/v1/vitals/ingest', 200, 8, '172.18.0.1', 'a94a23ac5a624b44b784967a821fea05', None, None, None)]
(Background on this error at: https://sqlalche.me/e/20/f405)
INFO:     172.18.0.1:56680 - "POST /api/v1/vitals/ingest HTTP/1.1" 200 OK
api_log write failed: (sqlalchemy.dialects.postgresql.asyncpg.ProgrammingError) <class 'asyncpg.exceptions.UndefinedTableError'>: relation "api_logs" does not exist
[SQL: INSERT INTO api_logs (created_at, method, path, status_code, latency_ms, client_host, request_id, error_type, error_detail, traceback) VALUES ($1::TIMESTAMP WITHOUT TIME ZONE, $2::VARCHAR, $3::VARCHAR, $4::INTEGER, $5::INTEGER, $6::VARCHAR, $7::VARCHAR, $8::VARCHAR, $9::VARCHAR, $10::VARCHAR) RETURNING api_logs.id]
[parameters: (datetime.datetime(2026, 9, 3, 9, 15, 44, 85324), 'POST', '/api/v1/vitals/ingest', 200, 8, '172.18.0.1', '0c808aea25b14cbab08b3e571ba7fa90', None, None, None)]
(Background on this error at: https://sqlalche.me/e/20/f405)
INFO:     172.18.0.1:34526 - "POST /api/v1/vitals/ingest HTTP/1.1" 200 OK
api_log write failed: (sqlalchemy.dialects.postgresql.asyncpg.ProgrammingError) <class 'asyncpg.exceptions.UndefinedTableError'>: relation "api_logs" does not exist
[SQL: INSERT INTO api_logs (created_at, method, path, status_code, latency_ms, client_host, request_id, error_type, error_detail, traceback) VALUES ($1::TIMESTAMP WITHOUT TIME ZONE, $2::VARCHAR, $3::VARCHAR, $4::INTEGER, $5::INTEGER, $6::VARCHAR, $7::VARCHAR, $8::VARCHAR, $9::VARCHAR, $10::VARCHAR) RETURNING api_logs.id]
[parameters: (datetime.datetime(2026, 9, 3, 9, 15, 51, 463518), 'POST', '/api/v1/vitals/ingest', 200, 8, '172.18.0.1', '4f9f928240864456bd0d5f4570ca9966', None, None, None)]
(Background on this error at: https://sqlalche.me/e/20/f405)
INFO:     172.18.0.1:34528 - "POST /api/v1/vitals/ingest HTTP/1.1" 200 OK
api_log purge error: (sqlalchemy.dialects.postgresql.asyncpg.ProgrammingError) <class 'asyncpg.exceptions.UndefinedTableError'>: relation "api_logs" does not exist
[SQL: DELETE FROM api_logs WHERE api_logs.created_at < $1::TIMESTAMP WITHOUT TIME ZONE]
[parameters: (datetime.datetime(2026, 9, 1, 9, 15, 57, 35360),)]
(Background on this error at: https://sqlalche.me/e/20/f405)
api_log write failed: (sqlalchemy.dialects.postgresql.asyncpg.ProgrammingError) <class 'asyncpg.exceptions.UndefinedTableError'>: relation "api_logs" does not exist
[SQL: INSERT INTO api_logs (created_at, method, path, status_code, latency_ms, client_host, request_id, error_type, error_detail, traceback) VALUES ($1::TIMESTAMP WITHOUT TIME ZONE, $2::VARCHAR, $3::VARCHAR, $4::INTEGER, $5::INTEGER, $6::VARCHAR, $7::VARCHAR, $8::VARCHAR, $9::VARCHAR, $10::VARCHAR) RETURNING api_logs.id]
[parameters: (datetime.datetime(2026, 9, 3, 9, 16, 28, 796525), 'POST', '/api/v1/vitals/ingest', 200, 10, '172.18.0.1', '88e5ce32165a407c80eedae63f45bbe8', None, None, None)]
(Background on this error at: https://sqlalche.me/e/20/f405)
INFO:     172.18.0.1:57976 - "POST /api/v1/vitals/ingest HTTP/1.1" 200 OK
api_log write failed: (sqlalchemy.dialects.postgresql.asyncpg.ProgrammingError) <class 'asyncpg.exceptions.UndefinedTableError'>: relation "api_logs" does not exist
[SQL: INSERT INTO api_logs (created_at, method, path, status_code, latency_ms, client_host, request_id, error_type, error_detail, traceback) VALUES ($1::TIMESTAMP WITHOUT TIME ZONE, $2::VARCHAR, $3::VARCHAR, $4::INTEGER, $5::INTEGER, $6::VARCHAR, $7::VARCHAR, $8::VARCHAR, $9::VARCHAR, $10::VARCHAR) RETURNING api_logs.id]
[parameters: (datetime.datetime(2026, 9, 3, 9, 16, 40, 389855), 'POST', '/api/v1/vitals/ingest', 200, 9, '172.18.0.1', 'da40143c423145a0997211b0d2af5b76', None, None, None)]
(Background on this error at: https://sqlalche.me/e/20/f405)
INFO:     172.18.0.1:39502 - "POST /api/v1/vitals/ingest HTTP/1.1" 200 OK
api_log write failed: (sqlalchemy.dialects.postgresql.asyncpg.ProgrammingError) <class 'asyncpg.exceptions.UndefinedTableError'>: relation "api_logs" does not exist
[SQL: INSERT INTO api_logs (created_at, method, path, status_code, latency_ms, client_host, request_id, error_type, error_detail, traceback) VALUES ($1::TIMESTAMP WITHOUT TIME ZONE, $2::VARCHAR, $3::VARCHAR, $4::INTEGER, $5::INTEGER, $6::VARCHAR, $7::VARCHAR, $8::VARCHAR, $9::VARCHAR, $10::VARCHAR) RETURNING api_logs.id]
[parameters: (datetime.datetime(2026, 9, 3, 9, 16, 43, 987217), 'POST', '/api/v1/vitals/ingest', 200, 10, '172.18.0.1', '2097d4fde8a942e2bc7c5a82f0d9e88b', None, None, None)]
(Background on this error at: https://sqlalche.me/e/20/f405)
INFO:     172.18.0.1:54504 - "POST /api/v1/vitals/ingest HTTP/1.1" 200 OK
Failed to fetch staff tokens for patient 29: (sqlalchemy.dialects.postgresql.asyncpg.ProgrammingError) <class 'asyncpg.exceptions.UndefinedTableError'>: relation "device_tokens" does not exist
[SQL: SELECT device_tokens.token 
FROM device_tokens 
WHERE device_tokens.user_id IN ($1::INTEGER)]
[parameters: (9,)]
(Background on this error at: https://sqlalche.me/e/20/f405)
api_log write failed: (sqlalchemy.dialects.postgresql.asyncpg.ProgrammingError) <class 'asyncpg.exceptions.UndefinedTableError'>: relation "api_logs" does not exist
[SQL: INSERT INTO api_logs (created_at, method, path, status_code, latency_ms, client_host, request_id, error_type, error_detail, traceback) VALUES ($1::TIMESTAMP WITHOUT TIME ZONE, $2::VARCHAR, $3::VARCHAR, $4::INTEGER, $5::INTEGER, $6::VARCHAR, $7::VARCHAR, $8::VARCHAR, $9::VARCHAR, $10::VARCHAR) RETURNING api_logs.id]
[parameters: (datetime.datetime(2026, 9, 3, 9, 16, 51, 461868), 'POST', '/api/v1/vitals/ingest', 200, 11, '172.18.0.1', 'b88fc577131740cba81e65cb02abe635', None, None, None)]
(Background on this error at: https://sqlalche.me/e/20/f405)
INFO:     172.18.0.1:54506 - "POST /api/v1/vitals/ingest HTTP/1.1" 200 OK
api_log purge error: (sqlalchemy.dialects.postgresql.asyncpg.ProgrammingError) <class 'asyncpg.exceptions.UndefinedTableError'>: relation "api_logs" does not exist
[SQL: DELETE FROM api_logs WHERE api_logs.created_at < $1::TIMESTAMP WITHOUT TIME ZONE]
[parameters: (datetime.datetime(2026, 9, 1, 9, 16, 57, 38338),)]
(Background on this error at: https://sqlalche.me/e/20/f405)
INFO:     172.18.0.1:42372 - "OPTIONS /api/v1/patients/patients/29/alerts/3538/snooze HTTP/1.1" 200 OK
api_log write failed: (sqlalchemy.dialects.postgresql.asyncpg.ProgrammingError) <class 'asyncpg.exceptions.UndefinedTableError'>: relation "api_logs" does not exist
[SQL: INSERT INTO api_logs (created_at, method, path, status_code, latency_ms, client_host, request_id, error_type, error_detail, traceback) VALUES ($1::TIMESTAMP WITHOUT TIME ZONE, $2::VARCHAR, $3::VARCHAR, $4::INTEGER, $5::INTEGER, $6::VARCHAR, $7::VARCHAR, $8::VARCHAR, $9::VARCHAR, $10::VARCHAR) RETURNING api_logs.id]
[parameters: (datetime.datetime(2026, 9, 3, 9, 17, 10, 272223), 'OPTIONS', '/api/v1/patients/patients/29/alerts/3538/snooze', 200, 0, '172.18.0.1', '161459615c1d4b02bde31ed3856f299c', None, None, None)]
(Background on this error at: https://sqlalche.me/e/20/f405)
api_log write failed: (sqlalchemy.dialects.postgresql.asyncpg.ProgrammingError) <class 'asyncpg.exceptions.UndefinedTableError'>: relation "api_logs" does not exist
[SQL: INSERT INTO api_logs (created_at, method, path, status_code, latency_ms, client_host, request_id, error_type, error_detail, traceback) VALUES ($1::TIMESTAMP WITHOUT TIME ZONE, $2::VARCHAR, $3::VARCHAR, $4::INTEGER, $5::INTEGER, $6::VARCHAR, $7::VARCHAR, $8::VARCHAR, $9::VARCHAR, $10::VARCHAR) RETURNING api_logs.id]
[parameters: (datetime.datetime(2026, 9, 3, 9, 17, 10, 373875), 'POST', '/api/v1/patients/patients/29/alerts/3538/snooze', 404, 7, '172.18.0.1', 'cf50d46f949545dd96b8ca40ec331739', None, None, None)]
(Background on this error at: https://sqlalche.me/e/20/f405)
INFO:     172.18.0.1:42384 - "POST /api/v1/patients/patients/29/alerts/3538/snooze HTTP/1.1" 404 Not Found
api_log write failed: (sqlalchemy.dialects.postgresql.asyncpg.ProgrammingError) <class 'asyncpg.exceptions.UndefinedTableError'>: relation "api_logs" does not exist
[SQL: INSERT INTO api_logs (created_at, method, path, status_code, latency_ms, client_host, request_id, error_type, error_detail, traceback) VALUES ($1::TIMESTAMP WITHOUT TIME ZONE, $2::VARCHAR, $3::VARCHAR, $4::INTEGER, $5::INTEGER, $6::VARCHAR, $7::VARCHAR, $8::VARCHAR, $9::VARCHAR, $10::VARCHAR) RETURNING api_logs.id]
[parameters: (datetime.datetime(2026, 9, 3, 9, 17, 37, 295780), 'POST', '/api/v1/vitals/ingest', 200, 9, '172.18.0.1', '20404de938694e2ca2977939e646da58', None, None, None)]
(Background on this error at: https://sqlalche.me/e/20/f405)
INFO:     172.18.0.1:37156 - "POST /api/v1/vitals/ingest HTTP/1.1" 200 OK
api_log write failed: (sqlalchemy.dialects.postgresql.asyncpg.ProgrammingError) <class 'asyncpg.exceptions.UndefinedTableError'>: relation "api_logs" does not exist
[SQL: INSERT INTO api_logs (created_at, method, path, status_code, latency_ms, client_host, request_id, error_type, error_detail, traceback) VALUES ($1::TIMESTAMP WITHOUT TIME ZONE, $2::VARCHAR, $3::VARCHAR, $4::INTEGER, $5::INTEGER, $6::VARCHAR, $7::VARCHAR, $8::VARCHAR, $9::VARCHAR, $10::VARCHAR) RETURNING api_logs.id]
[parameters: (datetime.datetime(2026, 9, 3, 9, 17, 43, 979356), 'POST', '/api/v1/vitals/ingest', 200, 8, '172.18.0.1', 'bbaa9294c767479dbd70e974dfd260ed', None, None, None)]
(Background on this error at: https://sqlalche.me/e/20/f405)
INFO:     172.18.0.1:54836 - "POST /api/v1/vitals/ingest HTTP/1.1" 200 OK
api_log write failed: (sqlalchemy.dialects.postgresql.asyncpg.ProgrammingError) <class 'asyncpg.exceptions.UndefinedTableError'>: relation "api_logs" does not exist
[SQL: INSERT INTO api_logs (created_at, method, path, status_code, latency_ms, client_host, request_id, error_type, error_detail, traceback) VALUES ($1::TIMESTAMP WITHOUT TIME ZONE, $2::VARCHAR, $3::VARCHAR, $4::INTEGER, $5::INTEGER, $6::VARCHAR, $7::VARCHAR, $8::VARCHAR, $9::VARCHAR, $10::VARCHAR) RETURNING api_logs.id]
[parameters: (datetime.datetime(2026, 9, 3, 9, 17, 50, 823140), 'POST', '/api/v1/vitals/ingest', 200, 10, '172.18.0.1', '77754c4d95f645599c5089a8e4cd63a9', None, None, None)]
(Background on this error at: https://sqlalche.me/e/20/f405)
INFO:     172.18.0.1:54838 - "POST /api/v1/vitals/ingest HTTP/1.1" 200 OK
api_log purge error: (sqlalchemy.dialects.postgresql.asyncpg.ProgrammingError) <class 'asyncpg.exceptions.UndefinedTableError'>: relation "api_logs" does not exist
[SQL: DELETE FROM api_logs WHERE api_logs.created_at < $1::TIMESTAMP WITHOUT TIME ZONE]
[parameters: (datetime.datetime(2026, 9, 1, 9, 17, 57, 42462),)]
(Background on this error at: https://sqlalche.me/e/20/f405)
api_log write failed: (sqlalchemy.dialects.postgresql.asyncpg.ProgrammingError) <class 'asyncpg.exceptions.UndefinedTableError'>: relation "api_logs" does not exist
[SQL: INSERT INTO api_logs (created_at, method, path, status_code, latency_ms, client_host, request_id, error_type, error_detail, traceback) VALUES ($1::TIMESTAMP WITHOUT TIME ZONE, $2::VARCHAR, $3::VARCHAR, $4::INTEGER, $5::INTEGER, $6::VARCHAR, $7::VARCHAR, $8::VARCHAR, $9::VARCHAR, $10::VARCHAR) RETURNING api_logs.id]
[parameters: (datetime.datetime(2026, 9, 3, 9, 18, 15, 145636), 'POST', '/api/v1/patients/patients/29/alerts/3538/snooze', 404, 6, '172.18.0.1', '7c1a913a0f51423c9122f53b0ec99511', None, None, None)]
(Background on this error at: https://sqlalche.me/e/20/f405)
INFO:     172.18.0.1:53158 - "POST /api/v1/patients/patients/29/alerts/3538/snooze HTTP/1.1" 404 Not Found
api_log write failed: (sqlalchemy.dialects.postgresql.asyncpg.ProgrammingError) <class 'asyncpg.exceptions.UndefinedTableError'>: relation "api_logs" does not exist
[SQL: INSERT INTO api_logs (created_at, method, path, status_code, latency_ms, client_host, request_id, error_type, error_detail, traceback) VALUES ($1::TIMESTAMP WITHOUT TIME ZONE, $2::VARCHAR, $3::VARCHAR, $4::INTEGER, $5::INTEGER, $6::VARCHAR, $7::VARCHAR, $8::VARCHAR, $9::VARCHAR, $10::VARCHAR) RETURNING api_logs.id]
[parameters: (datetime.datetime(2026, 9, 3, 9, 18, 35, 905696), 'POST', '/api/v1/vitals/ingest', 200, 9, '172.18.0.1', 'ef21522ab0ba46cbb0057baf1e230c70', None, None, None)]
(Background on this error at: https://sqlalche.me/e/20/f405)
INFO:     172.18.0.1:43384 - "POST /api/v1/vitals/ingest HTTP/1.1" 200 OK
api_log write failed: (sqlalchemy.dialects.postgresql.asyncpg.ProgrammingError) <class 'asyncpg.exceptions.UndefinedTableError'>: relation "api_logs" does not exist
[SQL: INSERT INTO api_logs (created_at, method, path, status_code, latency_ms, client_host, request_id, error_type, error_detail, traceback) VALUES ($1::TIMESTAMP WITHOUT TIME ZONE, $2::VARCHAR, $3::VARCHAR, $4::INTEGER, $5::INTEGER, $6::VARCHAR, $7::VARCHAR, $8::VARCHAR, $9::VARCHAR, $10::VARCHAR) RETURNING api_logs.id]
[parameters: (datetime.datetime(2026, 9, 3, 9, 18, 44, 110691), 'POST', '/api/v1/vitals/ingest', 200, 8, '172.18.0.1', 'c66f1c2c7ee84a9bafb7091ecdc59a72', None, None, None)]
(Background on this error at: https://sqlalche.me/e/20/f405)
INFO:     172.18.0.1:56468 - "POST /api/v1/vitals/ingest HTTP/1.1" 200 OK
INFO:     172.18.0.1:56470 - "POST /api/v1/vitals/ingest HTTP/1.1" 200 OK
api_log write failed: (sqlalchemy.dialects.postgresql.asyncpg.ProgrammingError) <class 'asyncpg.exceptions.UndefinedTableError'>: relation "api_logs" does not exist
[SQL: INSERT INTO api_logs (created_at, method, path, status_code, latency_ms, client_host, request_id, error_type, error_detail, traceback) VALUES ($1::TIMESTAMP WITHOUT TIME ZONE, $2::VARCHAR, $3::VARCHAR, $4::INTEGER, $5::INTEGER, $6::VARCHAR, $7::VARCHAR, $8::VARCHAR, $9::VARCHAR, $10::VARCHAR) RETURNING api_logs.id]
[parameters: (datetime.datetime(2026, 9, 3, 9, 18, 50, 878693), 'POST', '/api/v1/vitals/ingest', 200, 9, '172.18.0.1', '2084c7449be14f13b20c4fb134548418', None, None, None)]
(Background on this error at: https://sqlalche.me/e/20/f405)
api_log purge error: (sqlalchemy.dialects.postgresql.asyncpg.ProgrammingError) <class 'asyncpg.exceptions.UndefinedTableError'>: relation "api_logs" does not exist
[SQL: DELETE FROM api_logs WHERE api_logs.created_at < $1::TIMESTAMP WITHOUT TIME ZONE]
[parameters: (datetime.datetime(2026, 9, 1, 9, 18, 57, 47064),)]
(Background on this error at: https://sqlalche.me/e/20/f405)
Failed to fetch staff tokens for patient 5: (sqlalchemy.dialects.postgresql.asyncpg.ProgrammingError) <class 'asyncpg.exceptions.UndefinedTableError'>: relation "device_tokens" does not exist
[SQL: SELECT device_tokens.token 
FROM device_tokens 
WHERE device_tokens.user_id IN ($1::INTEGER)]
[parameters: (7,)]
(Background on this error at: https://sqlalche.me/e/20/f405)
api_log write failed: (sqlalchemy.dialects.postgresql.asyncpg.ProgrammingError) <class 'asyncpg.exceptions.UndefinedTableError'>: relation "api_logs" does not exist
[SQL: INSERT INTO api_logs (created_at, method, path, status_code, latency_ms, client_host, request_id, error_type, error_detail, traceback) VALUES ($1::TIMESTAMP WITHOUT TIME ZONE, $2::VARCHAR, $3::VARCHAR, $4::INTEGER, $5::INTEGER, $6::VARCHAR, $7::VARCHAR, $8::VARCHAR, $9::VARCHAR, $10::VARCHAR) RETURNING api_logs.id]
[parameters: (datetime.datetime(2026, 9, 3, 9, 19, 4, 147563), 'POST', '/api/v1/vitals/ingest', 200, 13, '172.18.0.1', '8811cb11aec6456d95d339b36be2a4a9', None, None, None)]
(Background on this error at: https://sqlalche.me/e/20/f405)
INFO:     172.18.0.1:50754 - "POST /api/v1/vitals/ingest HTTP/1.1" 200 OK
api_log write failed: (sqlalchemy.dialects.postgresql.asyncpg.ProgrammingError) <class 'asyncpg.exceptions.UndefinedTableError'>: relation "api_logs" does not exist
[SQL: INSERT INTO api_logs (created_at, method, path, status_code, latency_ms, client_host, request_id, error_type, error_detail, traceback) VALUES ($1::TIMESTAMP WITHOUT TIME ZONE, $2::VARCHAR, $3::VARCHAR, $4::INTEGER, $5::INTEGER, $6::VARCHAR, $7::VARCHAR, $8::VARCHAR, $9::VARCHAR, $10::VARCHAR) RETURNING api_logs.id]
[parameters: (datetime.datetime(2026, 9, 3, 9, 19, 24, 613798), 'POST', '/api/v1/vitals/ingest', 200, 9, '172.18.0.1', '8f4a52afd2644f418383ee437b7ecbd0', None, None, None)]
(Background on this error at: https://sqlalche.me/e/20/f405)
INFO:     172.18.0.1:33124 - "POST /api/v1/vitals/ingest HTTP/1.1" 200 OK
api_log write failed: (sqlalchemy.dialects.postgresql.asyncpg.ProgrammingError) <class 'asyncpg.exceptions.UndefinedTableError'>: relation "api_logs" does not exist
[SQL: INSERT INTO api_logs (created_at, method, path, status_code, latency_ms, client_host, request_id, error_type, error_detail, traceback) VALUES ($1::TIMESTAMP WITHOUT TIME ZONE, $2::VARCHAR, $3::VARCHAR, $4::INTEGER, $5::INTEGER, $6::VARCHAR, $7::VARCHAR, $8::VARCHAR, $9::VARCHAR, $10::VARCHAR) RETURNING api_logs.id]
[parameters: (datetime.datetime(2026, 9, 3, 9, 19, 37, 395888), 'POST', '/api/v1/vitals/ingest', 200, 9, '172.18.0.1', 'da1ff7b9516847fbbea4c14c1869694a', None, None, None)]
(Background on this error at: https://sqlalche.me/e/20/f405)
INFO:     172.18.0.1:44764 - "POST /api/v1/vitals/ingest HTTP/1.1" 200 OK
api_log write failed: (sqlalchemy.dialects.postgresql.asyncpg.ProgrammingError) <class 'asyncpg.exceptions.UndefinedTableError'>: relation "api_logs" does not exist
[SQL: INSERT INTO api_logs (created_at, method, path, status_code, latency_ms, client_host, request_id, error_type, error_detail, traceback) VALUES ($1::TIMESTAMP WITHOUT TIME ZONE, $2::VARCHAR, $3::VARCHAR, $4::INTEGER, $5::INTEGER, $6::VARCHAR, $7::VARCHAR, $8::VARCHAR, $9::VARCHAR, $10::VARCHAR) RETURNING api_logs.id]
[parameters: (datetime.datetime(2026, 9, 3, 9, 19, 44, 10440), 'POST', '/api/v1/vitals/ingest', 200, 9, '172.18.0.1', '6587a83e363b4631bb501def195a26f1', None, None, None)]
(Background on this error at: https://sqlalche.me/e/20/f405)
INFO:     172.18.0.1:47374 - "POST /api/v1/vitals/ingest HTTP/1.1" 200 OK
api_log write failed: (sqlalchemy.dialects.postgresql.asyncpg.ProgrammingError) <class 'asyncpg.exceptions.UndefinedTableError'>: relation "api_logs" does not exist
[SQL: INSERT INTO api_logs (created_at, method, path, status_code, latency_ms, client_host, request_id, error_type, error_detail, traceback) VALUES ($1::TIMESTAMP WITHOUT TIME ZONE, $2::VARCHAR, $3::VARCHAR, $4::INTEGER, $5::INTEGER, $6::VARCHAR, $7::VARCHAR, $8::VARCHAR, $9::VARCHAR, $10::VARCHAR) RETURNING api_logs.id]
[parameters: (datetime.datetime(2026, 9, 3, 9, 19, 44, 919448), 'POST', '/api/v1/vitals/ingest', 200, 9, '172.18.0.1', '9db35814b59a44a99a050a9e7a11e02c', None, None, None)]
(Background on this error at: https://sqlalche.me/e/20/f405)
INFO:     172.18.0.1:47382 - "POST /api/v1/vitals/ingest HTTP/1.1" 200 OK
api_log write failed: (sqlalchemy.dialects.postgresql.asyncpg.ProgrammingError) <class 'asyncpg.exceptions.UndefinedTableError'>: relation "api_logs" does not exist
[SQL: INSERT INTO api_logs (created_at, method, path, status_code, latency_ms, client_host, request_id, error_type, error_detail, traceback) VALUES ($1::TIMESTAMP WITHOUT TIME ZONE, $2::VARCHAR, $3::VARCHAR, $4::INTEGER, $5::INTEGER, $6::VARCHAR, $7::VARCHAR, $8::VARCHAR, $9::VARCHAR, $10::VARCHAR) RETURNING api_logs.id]
[parameters: (datetime.datetime(2026, 9, 3, 9, 19, 50, 847315), 'POST', '/api/v1/vitals/ingest', 200, 9, '172.18.0.1', '7ce34f6cf40d438d9a3f0e1dfe89c90c', None, None, None)]
(Background on this error at: https://sqlalche.me/e/20/f405)
INFO:     172.18.0.1:47392 - "POST /api/v1/vitals/ingest HTTP/1.1" 200 OK
api_log purge error: (sqlalchemy.dialects.postgresql.asyncpg.ProgrammingError) <class 'asyncpg.exceptions.UndefinedTableError'>: relation "api_logs" does not exist
[SQL: DELETE FROM api_logs WHERE api_logs.created_at < $1::TIMESTAMP WITHOUT TIME ZONE]
[parameters: (datetime.datetime(2026, 9, 1, 9, 19, 57, 50573),)]
(Background on this error at: https://sqlalche.me/e/20/f405)
api_log write failed: (sqlalchemy.dialects.postgresql.asyncpg.ProgrammingError) <class 'asyncpg.exceptions.UndefinedTableError'>: relation "api_logs" does not exist
[SQL: INSERT INTO api_logs (created_at, method, path, status_code, latency_ms, client_host, request_id, error_type, error_detail, traceback) VALUES ($1::TIMESTAMP WITHOUT TIME ZONE, $2::VARCHAR, $3::VARCHAR, $4::INTEGER, $5::INTEGER, $6::VARCHAR, $7::VARCHAR, $8::VARCHAR, $9::VARCHAR, $10::VARCHAR) RETURNING api_logs.id]
[parameters: (datetime.datetime(2026, 9, 3, 9, 20, 35, 993948), 'POST', '/api/v1/vitals/ingest', 200, 9, '172.18.0.1', '8c49cc82c649440a9d30862792494d3b', None, None, None)]
(Background on this error at: https://sqlalche.me/e/20/f405)
INFO:     172.18.0.1:38028 - "POST /api/v1/vitals/ingest HTTP/1.1" 200 OK
api_log write failed: (sqlalchemy.dialects.postgresql.asyncpg.ProgrammingError) <class 'asyncpg.exceptions.UndefinedTableError'>: relation "api_logs" does not exist
[SQL: INSERT INTO api_logs (created_at, method, path, status_code, latency_ms, client_host, request_id, error_type, error_detail, traceback) VALUES ($1::TIMESTAMP WITHOUT TIME ZONE, $2::VARCHAR, $3::VARCHAR, $4::INTEGER, $5::INTEGER, $6::VARCHAR, $7::VARCHAR, $8::VARCHAR, $9::VARCHAR, $10::VARCHAR) RETURNING api_logs.id]
[parameters: (datetime.datetime(2026, 9, 3, 9, 20, 40, 290921), 'POST', '/api/v1/vitals/ingest', 200, 9, '172.18.0.1', 'e3d85c6d665a4989b4c89f4dff35e59d', None, None, None)]
(Background on this error at: https://sqlalche.me/e/20/f405)
INFO:     172.18.0.1:38032 - "POST /api/v1/vitals/ingest HTTP/1.1" 200 OK
api_log write failed: (sqlalchemy.dialects.postgresql.asyncpg.ProgrammingError) <class 'asyncpg.exceptions.UndefinedTableError'>: relation "api_logs" does not exist
[SQL: INSERT INTO api_logs (created_at, method, path, status_code, latency_ms, client_host, request_id, error_type, error_detail, traceback) VALUES ($1::TIMESTAMP WITHOUT TIME ZONE, $2::VARCHAR, $3::VARCHAR, $4::INTEGER, $5::INTEGER, $6::VARCHAR, $7::VARCHAR, $8::VARCHAR, $9::VARCHAR, $10::VARCHAR) RETURNING api_logs.id]
[parameters: (datetime.datetime(2026, 9, 3, 9, 20, 44, 725), 'POST', '/api/v1/vitals/ingest', 200, 9, '172.18.0.1', 'd41952be96924cbabad315d80738e9f4', None, None, None)]
(Background on this error at: https://sqlalche.me/e/20/f405)
INFO:     172.18.0.1:34932 - "POST /api/v1/vitals/ingest HTTP/1.1" 200 OK
api_log write failed: (sqlalchemy.dialects.postgresql.asyncpg.ProgrammingError) <class 'asyncpg.exceptions.UndefinedTableError'>: relation "api_logs" does not exist
[SQL: INSERT INTO api_logs (created_at, method, path, status_code, latency_ms, client_host, request_id, error_type, error_detail, traceback) VALUES ($1::TIMESTAMP WITHOUT TIME ZONE, $2::VARCHAR, $3::VARCHAR, $4::INTEGER, $5::INTEGER, $6::VARCHAR, $7::VARCHAR, $8::VARCHAR, $9::VARCHAR, $10::VARCHAR) RETURNING api_logs.id]
[parameters: (datetime.datetime(2026, 9, 3, 9, 20, 51, 181873), 'POST', '/api/v1/vitals/ingest', 200, 10, '172.18.0.1', 'e641c74fab724a5c97a6a5a5de8418ea', None, None, None)]
(Background on this error at: https://sqlalche.me/e/20/f405)
INFO:     172.18.0.1:34940 - "POST /api/v1/vitals/ingest HTTP/1.1" 200 OK
api_log purge error: (sqlalchemy.dialects.postgresql.asyncpg.ProgrammingError) <class 'asyncpg.exceptions.UndefinedTableError'>: relation "api_logs" does not exist
[SQL: DELETE FROM api_logs WHERE api_logs.created_at < $1::TIMESTAMP WITHOUT TIME ZONE]
[parameters: (datetime.datetime(2026, 9, 1, 9, 20, 57, 55838),)]
(Background on this error at: https://sqlalche.me/e/20/f405)
api_log write failed: (sqlalchemy.dialects.postgresql.asyncpg.ProgrammingError) <class 'asyncpg.exceptions.UndefinedTableError'>: relation "api_logs" does not exist
[SQL: INSERT INTO api_logs (created_at, method, path, status_code, latency_ms, client_host, request_id, error_type, error_detail, traceback) VALUES ($1::TIMESTAMP WITHOUT TIME ZONE, $2::VARCHAR, $3::VARCHAR, $4::INTEGER, $5::INTEGER, $6::VARCHAR, $7::VARCHAR, $8::VARCHAR, $9::VARCHAR, $10::VARCHAR) RETURNING api_logs.id]
[parameters: (datetime.datetime(2026, 9, 3, 9, 21, 30, 698239), 'POST', '/api/v1/vitals/ingest', 200, 9, '172.18.0.1', '6b168e91e54b47078f1d35f12ff6da18', None, None, None)]
(Background on this error at: https://sqlalche.me/e/20/f405)
INFO:     172.18.0.1:48314 - "POST /api/v1/vitals/ingest HTTP/1.1" 200 OK
api_log write failed: (sqlalchemy.dialects.postgresql.asyncpg.ProgrammingError) <class 'asyncpg.exceptions.UndefinedTableError'>: relation "api_logs" does not exist
[SQL: INSERT INTO api_logs (created_at, method, path, status_code, latency_ms, client_host, request_id, error_type, error_detail, traceback) VALUES ($1::TIMESTAMP WITHOUT TIME ZONE, $2::VARCHAR, $3::VARCHAR, $4::INTEGER, $5::INTEGER, $6::VARCHAR, $7::VARCHAR, $8::VARCHAR, $9::VARCHAR, $10::VARCHAR) RETURNING api_logs.id]
[parameters: (datetime.datetime(2026, 9, 3, 9, 21, 40, 948416), 'POST', '/api/v1/vitals/ingest', 200, 9, '172.18.0.1', '325ad2523c3642ba9c3f48f59956f053', None, None, None)]
(Background on this error at: https://sqlalche.me/e/20/f405)
INFO:     172.18.0.1:49674 - "POST /api/v1/vitals/ingest HTTP/1.1" 200 OK
api_log write failed: (sqlalchemy.dialects.postgresql.asyncpg.ProgrammingError) <class 'asyncpg.exceptions.UndefinedTableError'>: relation "api_logs" does not exist
[SQL: INSERT INTO api_logs (created_at, method, path, status_code, latency_ms, client_host, request_id, error_type, error_detail, traceback) VALUES ($1::TIMESTAMP WITHOUT TIME ZONE, $2::VARCHAR, $3::VARCHAR, $4::INTEGER, $5::INTEGER, $6::VARCHAR, $7::VARCHAR, $8::VARCHAR, $9::VARCHAR, $10::VARCHAR) RETURNING api_logs.id]
[parameters: (datetime.datetime(2026, 9, 3, 9, 21, 44, 14693), 'POST', '/api/v1/vitals/ingest', 200, 10, '172.18.0.1', 'eaec19e1b1854a48b2b94acba77b992f', None, None, None)]
(Background on this error at: https://sqlalche.me/e/20/f405)
INFO:     172.18.0.1:46544 - "POST /api/v1/vitals/ingest HTTP/1.1" 200 OK
api_log write failed: (sqlalchemy.dialects.postgresql.asyncpg.ProgrammingError) <class 'asyncpg.exceptions.UndefinedTableError'>: relation "api_logs" does not exist
[SQL: INSERT INTO api_logs (created_at, method, path, status_code, latency_ms, client_host, request_id, error_type, error_detail, traceback) VALUES ($1::TIMESTAMP WITHOUT TIME ZONE, $2::VARCHAR, $3::VARCHAR, $4::INTEGER, $5::INTEGER, $6::VARCHAR, $7::VARCHAR, $8::VARCHAR, $9::VARCHAR, $10::VARCHAR) RETURNING api_logs.id]
[parameters: (datetime.datetime(2026, 9, 3, 9, 21, 51, 238296), 'POST', '/api/v1/vitals/ingest', 200, 9, '172.18.0.1', '388f7aa533174199ba128c3b167e3268', None, None, None)]
(Background on this error at: https://sqlalche.me/e/20/f405)
INFO:     172.18.0.1:46558 - "POST /api/v1/vitals/ingest HTTP/1.1" 200 OK
api_log purge error: (sqlalchemy.dialects.postgresql.asyncpg.ProgrammingError) <class 'asyncpg.exceptions.UndefinedTableError'>: relation "api_logs" does not exist
[SQL: DELETE FROM api_logs WHERE api_logs.created_at < $1::TIMESTAMP WITHOUT TIME ZONE]
[parameters: (datetime.datetime(2026, 9, 1, 9, 21, 57, 59650),)]
(Background on this error at: https://sqlalche.me/e/20/f405)
api_log write failed: (sqlalchemy.dialects.postgresql.asyncpg.ProgrammingError) <class 'asyncpg.exceptions.UndefinedTableError'>: relation "api_logs" does not exist
[SQL: INSERT INTO api_logs (created_at, method, path, status_code, latency_ms, client_host, request_id, error_type, error_detail, traceback) VALUES ($1::TIMESTAMP WITHOUT TIME ZONE, $2::VARCHAR, $3::VARCHAR, $4::INTEGER, $5::INTEGER, $6::VARCHAR, $7::VARCHAR, $8::VARCHAR, $9::VARCHAR, $10::VARCHAR) RETURNING api_logs.id]
[parameters: (datetime.datetime(2026, 9, 3, 9, 22, 37, 449372), 'POST', '/api/v1/vitals/ingest', 200, 9, '172.18.0.1', '8fa19209c29c4af2b60a125c6de6ceef', None, None, None)]
(Background on this error at: https://sqlalche.me/e/20/f405)
INFO:     172.18.0.1:50116 - "POST /api/v1/vitals/ingest HTTP/1.1" 200 OK
api_log write failed: (sqlalchemy.dialects.postgresql.asyncpg.ProgrammingError) <class 'asyncpg.exceptions.UndefinedTableError'>: relation "api_logs" does not exist
[SQL: INSERT INTO api_logs (created_at, method, path, status_code, latency_ms, client_host, request_id, error_type, error_detail, traceback) VALUES ($1::TIMESTAMP WITHOUT TIME ZONE, $2::VARCHAR, $3::VARCHAR, $4::INTEGER, $5::INTEGER, $6::VARCHAR, $7::VARCHAR, $8::VARCHAR, $9::VARCHAR, $10::VARCHAR) RETURNING api_logs.id]
[parameters: (datetime.datetime(2026, 9, 3, 9, 22, 44, 22642), 'POST', '/api/v1/vitals/ingest', 200, 8, '172.18.0.1', '9e189254079a4f15802973815a066b2e', None, None, None)]
(Background on this error at: https://sqlalche.me/e/20/f405)
INFO:     172.18.0.1:59280 - "POST /api/v1/vitals/ingest HTTP/1.1" 200 OK
Failed to fetch staff tokens for patient 29: (sqlalchemy.dialects.postgresql.asyncpg.ProgrammingError) <class 'asyncpg.exceptions.UndefinedTableError'>: relation "device_tokens" does not exist
[SQL: SELECT device_tokens.token 
FROM device_tokens 
WHERE device_tokens.user_id IN ($1::INTEGER)]
[parameters: (9,)]
(Background on this error at: https://sqlalche.me/e/20/f405)
api_log write failed: (sqlalchemy.dialects.postgresql.asyncpg.ProgrammingError) <class 'asyncpg.exceptions.UndefinedTableError'>: relation "api_logs" does not exist
[SQL: INSERT INTO api_logs (created_at, method, path, status_code, latency_ms, client_host, request_id, error_type, error_detail, traceback) VALUES ($1::TIMESTAMP WITHOUT TIME ZONE, $2::VARCHAR, $3::VARCHAR, $4::INTEGER, $5::INTEGER, $6::VARCHAR, $7::VARCHAR, $8::VARCHAR, $9::VARCHAR, $10::VARCHAR) RETURNING api_logs.id]
[parameters: (datetime.datetime(2026, 9, 3, 9, 22, 50, 857513), 'POST', '/api/v1/vitals/ingest', 200, 12, '172.18.0.1', '8601c5f1ae614c7485beb0948ecaeb46', None, None, None)]
(Background on this error at: https://sqlalche.me/e/20/f405)
INFO:     172.18.0.1:59282 - "POST /api/v1/vitals/ingest HTTP/1.1" 200 OK
api_log purge error: (sqlalchemy.dialects.postgresql.asyncpg.ProgrammingError) <class 'asyncpg.exceptions.UndefinedTableError'>: relation "api_logs" does not exist
[SQL: DELETE FROM api_logs WHERE api_logs.created_at < $1::TIMESTAMP WITHOUT TIME ZONE]
[parameters: (datetime.datetime(2026, 9, 1, 9, 22, 57, 62494),)]
(Background on this error at: https://sqlalche.me/e/20/f405)
api_log write failed: (sqlalchemy.dialects.postgresql.asyncpg.ProgrammingError) <class 'asyncpg.exceptions.UndefinedTableError'>: relation "api_logs" does not exist
[SQL: INSERT INTO api_logs (created_at, method, path, status_code, latency_ms, client_host, request_id, error_type, error_detail, traceback) VALUES ($1::TIMESTAMP WITHOUT TIME ZONE, $2::VARCHAR, $3::VARCHAR, $4::INTEGER, $5::INTEGER, $6::VARCHAR, $7::VARCHAR, $8::VARCHAR, $9::VARCHAR, $10::VARCHAR) RETURNING api_logs.id]
[parameters: (datetime.datetime(2026, 9, 3, 9, 23, 9, 121428), 'OPTIONS', '/api/v1/patients/patients/29/alerts/3540/snooze', 200, 0, '172.18.0.1', 'bd7e8d45936842c0b1d285f6dc52b556', None, None, None)]
(Background on this error at: https://sqlalche.me/e/20/f405)
INFO:     172.18.0.1:52958 - "OPTIONS /api/v1/patients/patients/29/alerts/3540/snooze HTTP/1.1" 200 OK
INFO:     172.18.0.1:52962 - "POST /api/v1/patients/patients/29/alerts/3540/snooze HTTP/1.1" 404 Not Found
api_log write failed: (sqlalchemy.dialects.postgresql.asyncpg.ProgrammingError) <class 'asyncpg.exceptions.UndefinedTableError'>: relation "api_logs" does not exist
[SQL: INSERT INTO api_logs (created_at, method, path, status_code, latency_ms, client_host, request_id, error_type, error_detail, traceback) VALUES ($1::TIMESTAMP WITHOUT TIME ZONE, $2::VARCHAR, $3::VARCHAR, $4::INTEGER, $5::INTEGER, $6::VARCHAR, $7::VARCHAR, $8::VARCHAR, $9::VARCHAR, $10::VARCHAR) RETURNING api_logs.id]
[parameters: (datetime.datetime(2026, 9, 3, 9, 23, 9, 215092), 'POST', '/api/v1/patients/patients/29/alerts/3540/snooze', 404, 8, '172.18.0.1', '4da1360eb26e4440af6f1434482378b8', None, None, None)]
(Background on this error at: https://sqlalche.me/e/20/f405)
api_log write failed: (sqlalchemy.dialects.postgresql.asyncpg.ProgrammingError) <class 'asyncpg.exceptions.UndefinedTableError'>: relation "api_logs" does not exist
[SQL: INSERT INTO api_logs (created_at, method, path, status_code, latency_ms, client_host, request_id, error_type, error_detail, traceback) VALUES ($1::TIMESTAMP WITHOUT TIME ZONE, $2::VARCHAR, $3::VARCHAR, $4::INTEGER, $5::INTEGER, $6::VARCHAR, $7::VARCHAR, $8::VARCHAR, $9::VARCHAR, $10::VARCHAR) RETURNING api_logs.id]
[parameters: (datetime.datetime(2026, 9, 3, 9, 23, 42, 84446), 'POST', '/api/v1/vitals/ingest', 200, 9, '172.18.0.1', '3807a011ff4f4a468d011f91912216a8', None, None, None)]
(Background on this error at: https://sqlalche.me/e/20/f405)
INFO:     172.18.0.1:43950 - "POST /api/v1/vitals/ingest HTTP/1.1" 200 OK
api_log write failed: (sqlalchemy.dialects.postgresql.asyncpg.ProgrammingError) <class 'asyncpg.exceptions.UndefinedTableError'>: relation "api_logs" does not exist
[SQL: INSERT INTO api_logs (created_at, method, path, status_code, latency_ms, client_host, request_id, error_type, error_detail, traceback) VALUES ($1::TIMESTAMP WITHOUT TIME ZONE, $2::VARCHAR, $3::VARCHAR, $4::INTEGER, $5::INTEGER, $6::VARCHAR, $7::VARCHAR, $8::VARCHAR, $9::VARCHAR, $10::VARCHAR) RETURNING api_logs.id]
[parameters: (datetime.datetime(2026, 9, 3, 9, 23, 44, 21571), 'POST', '/api/v1/vitals/ingest', 200, 8, '172.18.0.1', '56258ce4d15942c391d23fbfa883099b', None, None, None)]
(Background on this error at: https://sqlalche.me/e/20/f405)
INFO:     172.18.0.1:59240 - "POST /api/v1/vitals/ingest HTTP/1.1" 200 OK
api_log write failed: (sqlalchemy.dialects.postgresql.asyncpg.ProgrammingError) <class 'asyncpg.exceptions.UndefinedTableError'>: relation "api_logs" does not exist
[SQL: INSERT INTO api_logs (created_at, method, path, status_code, latency_ms, client_host, request_id, error_type, error_detail, traceback) VALUES ($1::TIMESTAMP WITHOUT TIME ZONE, $2::VARCHAR, $3::VARCHAR, $4::INTEGER, $5::INTEGER, $6::VARCHAR, $7::VARCHAR, $8::VARCHAR, $9::VARCHAR, $10::VARCHAR) RETURNING api_logs.id]
[parameters: (datetime.datetime(2026, 9, 3, 9, 23, 50, 904195), 'POST', '/api/v1/vitals/ingest', 200, 9, '172.18.0.1', '4d43849005ad4266bec816f502a07fa9', None, None, None)]
(Background on this error at: https://sqlalche.me/e/20/f405)
INFO:     172.18.0.1:59248 - "POST /api/v1/vitals/ingest HTTP/1.1" 200 OK
api_log purge error: (sqlalchemy.dialects.postgresql.asyncpg.ProgrammingError) <class 'asyncpg.exceptions.UndefinedTableError'>: relation "api_logs" does not exist
[SQL: DELETE FROM api_logs WHERE api_logs.created_at < $1::TIMESTAMP WITHOUT TIME ZONE]
[parameters: (datetime.datetime(2026, 9, 1, 9, 23, 57, 67080),)]
(Background on this error at: https://sqlalche.me/e/20/f405)
Failed to fetch staff tokens for patient 5: (sqlalchemy.dialects.postgresql.asyncpg.ProgrammingError) <class 'asyncpg.exceptions.UndefinedTableError'>: relation "device_tokens" does not exist
[SQL: SELECT device_tokens.token 
FROM device_tokens 
WHERE device_tokens.user_id IN ($1::INTEGER)]
[parameters: (7,)]
(Background on this error at: https://sqlalche.me/e/20/f405)
api_log write failed: (sqlalchemy.dialects.postgresql.asyncpg.ProgrammingError) <class 'asyncpg.exceptions.UndefinedTableError'>: relation "api_logs" does not exist
[SQL: INSERT INTO api_logs (created_at, method, path, status_code, latency_ms, client_host, request_id, error_type, error_detail, traceback) VALUES ($1::TIMESTAMP WITHOUT TIME ZONE, $2::VARCHAR, $3::VARCHAR, $4::INTEGER, $5::INTEGER, $6::VARCHAR, $7::VARCHAR, $8::VARCHAR, $9::VARCHAR, $10::VARCHAR) RETURNING api_logs.id]
[parameters: (datetime.datetime(2026, 9, 3, 9, 24, 6, 6137), 'POST', '/api/v1/vitals/ingest', 200, 11, '172.18.0.1', 'a38e7bb065464fa2a3ac0730ee925c40', None, None, None)]
(Background on this error at: https://sqlalche.me/e/20/f405)
INFO:     172.18.0.1:33944 - "POST /api/v1/vitals/ingest HTTP/1.1" 200 OK
api_log write failed: (sqlalchemy.dialects.postgresql.asyncpg.ProgrammingError) <class 'asyncpg.exceptions.UndefinedTableError'>: relation "api_logs" does not exist
[SQL: INSERT INTO api_logs (created_at, method, path, status_code, latency_ms, client_host, request_id, error_type, error_detail, traceback) VALUES ($1::TIMESTAMP WITHOUT TIME ZONE, $2::VARCHAR, $3::VARCHAR, $4::INTEGER, $5::INTEGER, $6::VARCHAR, $7::VARCHAR, $8::VARCHAR, $9::VARCHAR, $10::VARCHAR) RETURNING api_logs.id]
[parameters: (datetime.datetime(2026, 9, 3, 9, 24, 26, 264634), 'POST', '/api/v1/vitals/ingest', 200, 9, '172.18.0.1', 'bc2c0c5465034aea89ee9f490fa1ec79', None, None, None)]
(Background on this error at: https://sqlalche.me/e/20/f405)
INFO:     172.18.0.1:53566 - "POST /api/v1/vitals/ingest HTTP/1.1" 200 OK
api_log write failed: (sqlalchemy.dialects.postgresql.asyncpg.ProgrammingError) <class 'asyncpg.exceptions.UndefinedTableError'>: relation "api_logs" does not exist
[SQL: INSERT INTO api_logs (created_at, method, path, status_code, latency_ms, client_host, request_id, error_type, error_detail, traceback) VALUES ($1::TIMESTAMP WITHOUT TIME ZONE, $2::VARCHAR, $3::VARCHAR, $4::INTEGER, $5::INTEGER, $6::VARCHAR, $7::VARCHAR, $8::VARCHAR, $9::VARCHAR, $10::VARCHAR) RETURNING api_logs.id]
[parameters: (datetime.datetime(2026, 9, 3, 9, 24, 37, 423127), 'POST', '/api/v1/vitals/ingest', 200, 9, '172.18.0.1', '0be5516c8a45460497361b164eedda7e', None, None, None)]
(Background on this error at: https://sqlalche.me/e/20/f405)
INFO:     172.18.0.1:40904 - "POST /api/v1/vitals/ingest HTTP/1.1" 200 OK
api_log write failed: (sqlalchemy.dialects.postgresql.asyncpg.ProgrammingError) <class 'asyncpg.exceptions.UndefinedTableError'>: relation "api_logs" does not exist
[SQL: INSERT INTO api_logs (created_at, method, path, status_code, latency_ms, client_host, request_id, error_type, error_detail, traceback) VALUES ($1::TIMESTAMP WITHOUT TIME ZONE, $2::VARCHAR, $3::VARCHAR, $4::INTEGER, $5::INTEGER, $6::VARCHAR, $7::VARCHAR, $8::VARCHAR, $9::VARCHAR, $10::VARCHAR) RETURNING api_logs.id]
[parameters: (datetime.datetime(2026, 9, 3, 9, 24, 44, 23521), 'POST', '/api/v1/vitals/ingest', 200, 8, '172.18.0.1', '96914ecd48cc4e74b18e713aa89839bc', None, None, None)]
(Background on this error at: https://sqlalche.me/e/20/f405)
INFO:     172.18.0.1:45752 - "POST /api/v1/vitals/ingest HTTP/1.1" 200 OK
api_log write failed: (sqlalchemy.dialects.postgresql.asyncpg.ProgrammingError) <class 'asyncpg.exceptions.UndefinedTableError'>: relation "api_logs" does not exist
[SQL: INSERT INTO api_logs (created_at, method, path, status_code, latency_ms, client_host, request_id, error_type, error_detail, traceback) VALUES ($1::TIMESTAMP WITHOUT TIME ZONE, $2::VARCHAR, $3::VARCHAR, $4::INTEGER, $5::INTEGER, $6::VARCHAR, $7::VARCHAR, $8::VARCHAR, $9::VARCHAR, $10::VARCHAR) RETURNING api_logs.id]
[parameters: (datetime.datetime(2026, 9, 3, 9, 24, 46, 663335), 'POST', '/api/v1/vitals/ingest', 200, 9, '172.18.0.1', '2f729ca8bdb14b31bc4f8bb2bd09c864', None, None, None)]
(Background on this error at: https://sqlalche.me/e/20/f405)
INFO:     172.18.0.1:45760 - "POST /api/v1/vitals/ingest HTTP/1.1" 200 OK
api_log write failed: (sqlalchemy.dialects.postgresql.asyncpg.ProgrammingError) <class 'asyncpg.exceptions.UndefinedTableError'>: relation "api_logs" does not exist
[SQL: INSERT INTO api_logs (created_at, method, path, status_code, latency_ms, client_host, request_id, error_type, error_detail, traceback) VALUES ($1::TIMESTAMP WITHOUT TIME ZONE, $2::VARCHAR, $3::VARCHAR, $4::INTEGER, $5::INTEGER, $6::VARCHAR, $7::VARCHAR, $8::VARCHAR, $9::VARCHAR, $10::VARCHAR) RETURNING api_logs.id]
[parameters: (datetime.datetime(2026, 9, 3, 9, 24, 50, 912276), 'POST', '/api/v1/vitals/ingest', 200, 9, '172.18.0.1', '8e44b06ae6fe44e88318e70458094ee2', None, None, None)]
(Background on this error at: https://sqlalche.me/e/20/f405)
INFO:     172.18.0.1:45762 - "POST /api/v1/vitals/ingest HTTP/1.1" 200 OK
api_log purge error: (sqlalchemy.dialects.postgresql.asyncpg.ProgrammingError) <class 'asyncpg.exceptions.UndefinedTableError'>: relation "api_logs" does not exist
[SQL: DELETE FROM api_logs WHERE api_logs.created_at < $1::TIMESTAMP WITHOUT TIME ZONE]
[parameters: (datetime.datetime(2026, 9, 1, 9, 24, 57, 69203),)]
(Background on this error at: https://sqlalche.me/e/20/f405)
api_log write failed: (sqlalchemy.dialects.postgresql.asyncpg.ProgrammingError) <class 'asyncpg.exceptions.UndefinedTableError'>: relation "api_logs" does not exist
[SQL: INSERT INTO api_logs (created_at, method, path, status_code, latency_ms, client_host, request_id, error_type, error_detail, traceback) VALUES ($1::TIMESTAMP WITHOUT TIME ZONE, $2::VARCHAR, $3::VARCHAR, $4::INTEGER, $5::INTEGER, $6::VARCHAR, $7::VARCHAR, $8::VARCHAR, $9::VARCHAR, $10::VARCHAR) RETURNING api_logs.id]
[parameters: (datetime.datetime(2026, 9, 3, 9, 25, 37, 471640), 'POST', '/api/v1/vitals/ingest', 200, 9, '172.18.0.1', '3e92c406bb364440b6dc77630c332cba', None, None, None)]
(Background on this error at: https://sqlalche.me/e/20/f405)
INFO:     172.18.0.1:45218 - "POST /api/v1/vitals/ingest HTTP/1.1" 200 OK
api_log write failed: (sqlalchemy.dialects.postgresql.asyncpg.ProgrammingError) <class 'asyncpg.exceptions.UndefinedTableError'>: relation "api_logs" does not exist
[SQL: INSERT INTO api_logs (created_at, method, path, status_code, latency_ms, client_host, request_id, error_type, error_detail, traceback) VALUES ($1::TIMESTAMP WITHOUT TIME ZONE, $2::VARCHAR, $3::VARCHAR, $4::INTEGER, $5::INTEGER, $6::VARCHAR, $7::VARCHAR, $8::VARCHAR, $9::VARCHAR, $10::VARCHAR) RETURNING api_logs.id]
[parameters: (datetime.datetime(2026, 9, 3, 9, 25, 42, 61278), 'POST', '/api/v1/vitals/ingest', 200, 9, '172.18.0.1', 'af653d90dde9445ca25a9d11884dd328', None, None, None)]
(Background on this error at: https://sqlalche.me/e/20/f405)
INFO:     172.18.0.1:45228 - "POST /api/v1/vitals/ingest HTTP/1.1" 200 OK
api_log write failed: (sqlalchemy.dialects.postgresql.asyncpg.ProgrammingError) <class 'asyncpg.exceptions.UndefinedTableError'>: relation "api_logs" does not exist
[SQL: INSERT INTO api_logs (created_at, method, path, status_code, latency_ms, client_host, request_id, error_type, error_detail, traceback) VALUES ($1::TIMESTAMP WITHOUT TIME ZONE, $2::VARCHAR, $3::VARCHAR, $4::INTEGER, $5::INTEGER, $6::VARCHAR, $7::VARCHAR, $8::VARCHAR, $9::VARCHAR, $10::VARCHAR) RETURNING api_logs.id]
[parameters: (datetime.datetime(2026, 9, 3, 9, 25, 44, 11009), 'POST', '/api/v1/vitals/ingest', 200, 9, '172.18.0.1', 'f29f789fadfa4066a0120a5b5db430c9', None, None, None)]
(Background on this error at: https://sqlalche.me/e/20/f405)
INFO:     172.18.0.1:54324 - "POST /api/v1/vitals/ingest HTTP/1.1" 200 OK
api_log write failed: (sqlalchemy.dialects.postgresql.asyncpg.ProgrammingError) <class 'asyncpg.exceptions.UndefinedTableError'>: relation "api_logs" does not exist
[SQL: INSERT INTO api_logs (created_at, method, path, status_code, latency_ms, client_host, request_id, error_type, error_detail, traceback) VALUES ($1::TIMESTAMP WITHOUT TIME ZONE, $2::VARCHAR, $3::VARCHAR, $4::INTEGER, $5::INTEGER, $6::VARCHAR, $7::VARCHAR, $8::VARCHAR, $9::VARCHAR, $10::VARCHAR) RETURNING api_logs.id]
[parameters: (datetime.datetime(2026, 9, 3, 9, 25, 50, 921472), 'POST', '/api/v1/vitals/ingest', 200, 9, '172.18.0.1', '93f74131853243edb2a50cacc7021c09', None, None, None)]
(Background on this error at: https://sqlalche.me/e/20/f405)
INFO:     172.18.0.1:54340 - "POST /api/v1/vitals/ingest HTTP/1.1" 200 OK
api_log purge error: (sqlalchemy.dialects.postgresql.asyncpg.ProgrammingError) <class 'asyncpg.exceptions.UndefinedTableError'>: relation "api_logs" does not exist
[SQL: DELETE FROM api_logs WHERE api_logs.created_at < $1::TIMESTAMP WITHOUT TIME ZONE]
[parameters: (datetime.datetime(2026, 9, 1, 9, 25, 57, 72845),)]
(Background on this error at: https://sqlalche.me/e/20/f405)
api_log write failed: (sqlalchemy.dialects.postgresql.asyncpg.ProgrammingError) <class 'asyncpg.exceptions.UndefinedTableError'>: relation "api_logs" does not exist
[SQL: INSERT INTO api_logs (created_at, method, path, status_code, latency_ms, client_host, request_id, error_type, error_detail, traceback) VALUES ($1::TIMESTAMP WITHOUT TIME ZONE, $2::VARCHAR, $3::VARCHAR, $4::INTEGER, $5::INTEGER, $6::VARCHAR, $7::VARCHAR, $8::VARCHAR, $9::VARCHAR, $10::VARCHAR) RETURNING api_logs.id]
[parameters: (datetime.datetime(2026, 9, 3, 9, 25, 57, 693306), 'POST', '/api/v1/patients/patients/29/alerts/3540/snooze', 404, 5, '172.18.0.1', 'fc98d2740faf4e198d0e58390f31cf1f', None, None, None)]
(Background on this error at: https://sqlalche.me/e/20/f405)
INFO:     172.18.0.1:58024 - "POST /api/v1/patients/patients/29/alerts/3540/snooze HTTP/1.1" 404 Not Found
api_log write failed: (sqlalchemy.dialects.postgresql.asyncpg.ProgrammingError) <class 'asyncpg.exceptions.UndefinedTableError'>: relation "api_logs" does not exist
[SQL: INSERT INTO api_logs (created_at, method, path, status_code, latency_ms, client_host, request_id, error_type, error_detail, traceback) VALUES ($1::TIMESTAMP WITHOUT TIME ZONE, $2::VARCHAR, $3::VARCHAR, $4::INTEGER, $5::INTEGER, $6::VARCHAR, $7::VARCHAR, $8::VARCHAR, $9::VARCHAR, $10::VARCHAR) RETURNING api_logs.id]
[parameters: (datetime.datetime(2026, 9, 3, 9, 26, 32, 310496), 'POST', '/api/v1/vitals/ingest', 200, 10, '172.18.0.1', 'dce1594bc12d433986ee50bf9597c3ca', None, None, None)]
(Background on this error at: https://sqlalche.me/e/20/f405)
INFO:     172.18.0.1:60186 - "POST /api/v1/vitals/ingest HTTP/1.1" 200 OK
api_log write failed: (sqlalchemy.dialects.postgresql.asyncpg.ProgrammingError) <class 'asyncpg.exceptions.UndefinedTableError'>: relation "api_logs" does not exist
[SQL: INSERT INTO api_logs (created_at, method, path, status_code, latency_ms, client_host, request_id, error_type, error_detail, traceback) VALUES ($1::TIMESTAMP WITHOUT TIME ZONE, $2::VARCHAR, $3::VARCHAR, $4::INTEGER, $5::INTEGER, $6::VARCHAR, $7::VARCHAR, $8::VARCHAR, $9::VARCHAR, $10::VARCHAR) RETURNING api_logs.id]
[parameters: (datetime.datetime(2026, 9, 3, 9, 26, 37, 531560), 'POST', '/api/v1/vitals/ingest', 200, 10, '172.18.0.1', '3735ad0849b54698a2e961b4907bd794', None, None, None)]
(Background on this error at: https://sqlalche.me/e/20/f405)
INFO:     172.18.0.1:60382 - "POST /api/v1/vitals/ingest HTTP/1.1" 200 OK
api_log write failed: (sqlalchemy.dialects.postgresql.asyncpg.ProgrammingError) <class 'asyncpg.exceptions.UndefinedTableError'>: relation "api_logs" does not exist
[SQL: INSERT INTO api_logs (created_at, method, path, status_code, latency_ms, client_host, request_id, error_type, error_detail, traceback) VALUES ($1::TIMESTAMP WITHOUT TIME ZONE, $2::VARCHAR, $3::VARCHAR, $4::INTEGER, $5::INTEGER, $6::VARCHAR, $7::VARCHAR, $8::VARCHAR, $9::VARCHAR, $10::VARCHAR) RETURNING api_logs.id]
[parameters: (datetime.datetime(2026, 9, 3, 9, 26, 44, 39786), 'POST', '/api/v1/vitals/ingest', 200, 9, '172.18.0.1', '473af34ad7634c279789954e2413a9d9', None, None, None)]
(Background on this error at: https://sqlalche.me/e/20/f405)
INFO:     172.18.0.1:42660 - "POST /api/v1/vitals/ingest HTTP/1.1" 200 OK
api_log write failed: (sqlalchemy.dialects.postgresql.asyncpg.ProgrammingError) <class 'asyncpg.exceptions.UndefinedTableError'>: relation "api_logs" does not exist
[SQL: INSERT INTO api_logs (created_at, method, path, status_code, latency_ms, client_host, request_id, error_type, error_detail, traceback) VALUES ($1::TIMESTAMP WITHOUT TIME ZONE, $2::VARCHAR, $3::VARCHAR, $4::INTEGER, $5::INTEGER, $6::VARCHAR, $7::VARCHAR, $8::VARCHAR, $9::VARCHAR, $10::VARCHAR) RETURNING api_logs.id]
[parameters: (datetime.datetime(2026, 9, 3, 9, 26, 50, 871522), 'POST', '/api/v1/vitals/ingest', 200, 10, '172.18.0.1', 'f93ab7314916443db864bbc7d5a66e29', None, None, None)]
(Background on this error at: https://sqlalche.me/e/20/f405)
INFO:     172.18.0.1:42670 - "POST /api/v1/vitals/ingest HTTP/1.1" 200 OK
api_log purge error: (sqlalchemy.dialects.postgresql.asyncpg.ProgrammingError) <class 'asyncpg.exceptions.UndefinedTableError'>: relation "api_logs" does not exist
[SQL: DELETE FROM api_logs WHERE api_logs.created_at < $1::TIMESTAMP WITHOUT TIME ZONE]
[parameters: (datetime.datetime(2026, 9, 1, 9, 26, 57, 76030),)]
(Background on this error at: https://sqlalche.me/e/20/f405)
api_log write failed: (sqlalchemy.dialects.postgresql.asyncpg.ProgrammingError) <class 'asyncpg.exceptions.UndefinedTableError'>: relation "api_logs" does not exist
[SQL: INSERT INTO api_logs (created_at, method, path, status_code, latency_ms, client_host, request_id, error_type, error_detail, traceback) VALUES ($1::TIMESTAMP WITHOUT TIME ZONE, $2::VARCHAR, $3::VARCHAR, $4::INTEGER, $5::INTEGER, $6::VARCHAR, $7::VARCHAR, $8::VARCHAR, $9::VARCHAR, $10::VARCHAR) RETURNING api_logs.id]
[parameters: (datetime.datetime(2026, 9, 3, 9, 27, 38, 521422), 'POST', '/api/v1/vitals/ingest', 200, 9, '172.18.0.1', '780235e70b594058adfe00b57bdd748a', None, None, None)]
(Background on this error at: https://sqlalche.me/e/20/f405)
INFO:     172.18.0.1:36498 - "POST /api/v1/vitals/ingest HTTP/1.1" 200 OK
api_log write failed: (sqlalchemy.dialects.postgresql.asyncpg.ProgrammingError) <class 'asyncpg.exceptions.UndefinedTableError'>: relation "api_logs" does not exist
[SQL: INSERT INTO api_logs (created_at, method, path, status_code, latency_ms, client_host, request_id, error_type, error_detail, traceback) VALUES ($1::TIMESTAMP WITHOUT TIME ZONE, $2::VARCHAR, $3::VARCHAR, $4::INTEGER, $5::INTEGER, $6::VARCHAR, $7::VARCHAR, $8::VARCHAR, $9::VARCHAR, $10::VARCHAR) RETURNING api_logs.id]
[parameters: (datetime.datetime(2026, 9, 3, 9, 27, 44, 22213), 'POST', '/api/v1/vitals/ingest', 200, 9, '172.18.0.1', '0f3484318b1746bb873c9a67d2beddd3', None, None, None)]
(Background on this error at: https://sqlalche.me/e/20/f405)
INFO:     172.18.0.1:41748 - "POST /api/v1/vitals/ingest HTTP/1.1" 200 OK
Failed to fetch staff tokens for patient 29: (sqlalchemy.dialects.postgresql.asyncpg.ProgrammingError) <class 'asyncpg.exceptions.UndefinedTableError'>: relation "device_tokens" does not exist
[SQL: SELECT device_tokens.token 
FROM device_tokens 
WHERE device_tokens.user_id IN ($1::INTEGER)]
[parameters: (9,)]
(Background on this error at: https://sqlalche.me/e/20/f405)
api_log write failed: (sqlalchemy.dialects.postgresql.asyncpg.ProgrammingError) <class 'asyncpg.exceptions.UndefinedTableError'>: relation "api_logs" does not exist
[SQL: INSERT INTO api_logs (created_at, method, path, status_code, latency_ms, client_host, request_id, error_type, error_detail, traceback) VALUES ($1::TIMESTAMP WITHOUT TIME ZONE, $2::VARCHAR, $3::VARCHAR, $4::INTEGER, $5::INTEGER, $6::VARCHAR, $7::VARCHAR, $8::VARCHAR, $9::VARCHAR, $10::VARCHAR) RETURNING api_logs.id]
[parameters: (datetime.datetime(2026, 9, 3, 9, 27, 51, 284462), 'POST', '/api/v1/vitals/ingest', 200, 12, '172.18.0.1', 'd77539abcb6643af80eab20675afa935', None, None, None)]
(Background on this error at: https://sqlalche.me/e/20/f405)
INFO:     172.18.0.1:41762 - "POST /api/v1/vitals/ingest HTTP/1.1" 200 OK
api_log write failed: (sqlalchemy.dialects.postgresql.asyncpg.ProgrammingError) <class 'asyncpg.exceptions.UndefinedTableError'>: relation "api_logs" does not exist
[SQL: INSERT INTO api_logs (created_at, method, path, status_code, latency_ms, client_host, request_id, error_type, error_detail, traceback) VALUES ($1::TIMESTAMP WITHOUT TIME ZONE, $2::VARCHAR, $3::VARCHAR, $4::INTEGER, $5::INTEGER, $6::VARCHAR, $7::VARCHAR, $8::VARCHAR, $9::VARCHAR, $10::VARCHAR) RETURNING api_logs.id]
[parameters: (datetime.datetime(2026, 9, 3, 9, 27, 54, 830561), 'OPTIONS', '/api/v1/patients/patients/29/alerts/3542/snooze', 200, 0, '172.18.0.1', 'd8ad3dee0f8d4ea9bed9f9be37beb656', None, None, None)]
(Background on this error at: https://sqlalche.me/e/20/f405)
INFO:     172.18.0.1:43990 - "OPTIONS /api/v1/patients/patients/29/alerts/3542/snooze HTTP/1.1" 200 OK
api_log write failed: (sqlalchemy.dialects.postgresql.asyncpg.ProgrammingError) <class 'asyncpg.exceptions.UndefinedTableError'>: relation "api_logs" does not exist
[SQL: INSERT INTO api_logs (created_at, method, path, status_code, latency_ms, client_host, request_id, error_type, error_detail, traceback) VALUES ($1::TIMESTAMP WITHOUT TIME ZONE, $2::VARCHAR, $3::VARCHAR, $4::INTEGER, $5::INTEGER, $6::VARCHAR, $7::VARCHAR, $8::VARCHAR, $9::VARCHAR, $10::VARCHAR) RETURNING api_logs.id]
[parameters: (datetime.datetime(2026, 9, 3, 9, 27, 54, 913367), 'POST', '/api/v1/patients/patients/29/alerts/3542/snooze', 404, 8, '172.18.0.1', '691508d3d0c14aa38d56a2d684c947d5', None, None, None)]
(Background on this error at: https://sqlalche.me/e/20/f405)
INFO:     172.18.0.1:43998 - "POST /api/v1/patients/patients/29/alerts/3542/snooze HTTP/1.1" 404 Not Found
api_log purge error: (sqlalchemy.dialects.postgresql.asyncpg.ProgrammingError) <class 'asyncpg.exceptions.UndefinedTableError'>: relation "api_logs" does not exist
[SQL: DELETE FROM api_logs WHERE api_logs.created_at < $1::TIMESTAMP WITHOUT TIME ZONE]
[parameters: (datetime.datetime(2026, 9, 1, 9, 27, 57, 79579),)]
(Background on this error at: https://sqlalche.me/e/20/f405)
api_log write failed: (sqlalchemy.dialects.postgresql.asyncpg.ProgrammingError) <class 'asyncpg.exceptions.UndefinedTableError'>: relation "api_logs" does not exist
[SQL: INSERT INTO api_logs (created_at, method, path, status_code, latency_ms, client_host, request_id, error_type, error_detail, traceback) VALUES ($1::TIMESTAMP WITHOUT TIME ZONE, $2::VARCHAR, $3::VARCHAR, $4::INTEGER, $5::INTEGER, $6::VARCHAR, $7::VARCHAR, $8::VARCHAR, $9::VARCHAR, $10::VARCHAR) RETURNING api_logs.id]
[parameters: (datetime.datetime(2026, 9, 3, 9, 28, 1, 96216), 'POST', '/api/v1/patients/patients/29/alerts/3542/snooze', 404, 6, '172.18.0.1', 'c2a275962b874e9a9cfeac4ab5e960e1', None, None, None)]
(Background on this error at: https://sqlalche.me/e/20/f405)
INFO:     172.18.0.1:44008 - "POST /api/v1/patients/patients/29/alerts/3542/snooze HTTP/1.1" 404 Not Found
api_log write failed: (sqlalchemy.dialects.postgresql.asyncpg.ProgrammingError) <class 'asyncpg.exceptions.UndefinedTableError'>: relation "api_logs" does not exist
[SQL: INSERT INTO api_logs (created_at, method, path, status_code, latency_ms, client_host, request_id, error_type, error_detail, traceback) VALUES ($1::TIMESTAMP WITHOUT TIME ZONE, $2::VARCHAR, $3::VARCHAR, $4::INTEGER, $5::INTEGER, $6::VARCHAR, $7::VARCHAR, $8::VARCHAR, $9::VARCHAR, $10::VARCHAR) RETURNING api_logs.id]
[parameters: (datetime.datetime(2026, 9, 3, 9, 28, 37, 942712), 'POST', '/api/v1/vitals/ingest', 200, 8, '172.18.0.1', 'f8fdaf221e3544bbb24fe8c64f71f125', None, None, None)]
(Background on this error at: https://sqlalche.me/e/20/f405)
INFO:     172.18.0.1:46456 - "POST /api/v1/vitals/ingest HTTP/1.1" 200 OK
api_log write failed: (sqlalchemy.dialects.postgresql.asyncpg.ProgrammingError) <class 'asyncpg.exceptions.UndefinedTableError'>: relation "api_logs" does not exist
[SQL: INSERT INTO api_logs (created_at, method, path, status_code, latency_ms, client_host, request_id, error_type, error_detail, traceback) VALUES ($1::TIMESTAMP WITHOUT TIME ZONE, $2::VARCHAR, $3::VARCHAR, $4::INTEGER, $5::INTEGER, $6::VARCHAR, $7::VARCHAR, $8::VARCHAR, $9::VARCHAR, $10::VARCHAR) RETURNING api_logs.id]
[parameters: (datetime.datetime(2026, 9, 3, 9, 28, 43, 985573), 'POST', '/api/v1/vitals/ingest', 200, 9, '172.18.0.1', '1d0eac2fd1a24a278b18313263accc13', None, None, None)]
(Background on this error at: https://sqlalche.me/e/20/f405)
INFO:     172.18.0.1:37742 - "POST /api/v1/vitals/ingest HTTP/1.1" 200 OK
api_log write failed: (sqlalchemy.dialects.postgresql.asyncpg.ProgrammingError) <class 'asyncpg.exceptions.UndefinedTableError'>: relation "api_logs" does not exist
[SQL: INSERT INTO api_logs (created_at, method, path, status_code, latency_ms, client_host, request_id, error_type, error_detail, traceback) VALUES ($1::TIMESTAMP WITHOUT TIME ZONE, $2::VARCHAR, $3::VARCHAR, $4::INTEGER, $5::INTEGER, $6::VARCHAR, $7::VARCHAR, $8::VARCHAR, $9::VARCHAR, $10::VARCHAR) RETURNING api_logs.id]
[parameters: (datetime.datetime(2026, 9, 3, 9, 28, 50, 899015), 'POST', '/api/v1/vitals/ingest', 200, 9, '172.18.0.1', 'e308a5303e664b079aa9044d65cf973c', None, None, None)]
(Background on this error at: https://sqlalche.me/e/20/f405)
INFO:     172.18.0.1:37754 - "POST /api/v1/vitals/ingest HTTP/1.1" 200 OK
api_log purge error: (sqlalchemy.dialects.postgresql.asyncpg.ProgrammingError) <class 'asyncpg.exceptions.UndefinedTableError'>: relation "api_logs" does not exist
[SQL: DELETE FROM api_logs WHERE api_logs.created_at < $1::TIMESTAMP WITHOUT TIME ZONE]
[parameters: (datetime.datetime(2026, 9, 1, 9, 28, 57, 82558),)]
(Background on this error at: https://sqlalche.me/e/20/f405)
Failed to fetch staff tokens for patient 5: (sqlalchemy.dialects.postgresql.asyncpg.ProgrammingError) <class 'asyncpg.exceptions.UndefinedTableError'>: relation "device_tokens" does not exist
[SQL: SELECT device_tokens.token 
FROM device_tokens 
WHERE device_tokens.user_id IN ($1::INTEGER)]
[parameters: (7,)]
(Background on this error at: https://sqlalche.me/e/20/f405)
api_log write failed: (sqlalchemy.dialects.postgresql.asyncpg.ProgrammingError) <class 'asyncpg.exceptions.UndefinedTableError'>: relation "api_logs" does not exist
[SQL: INSERT INTO api_logs (created_at, method, path, status_code, latency_ms, client_host, request_id, error_type, error_detail, traceback) VALUES ($1::TIMESTAMP WITHOUT TIME ZONE, $2::VARCHAR, $3::VARCHAR, $4::INTEGER, $5::INTEGER, $6::VARCHAR, $7::VARCHAR, $8::VARCHAR, $9::VARCHAR, $10::VARCHAR) RETURNING api_logs.id]
[parameters: (datetime.datetime(2026, 9, 3, 9, 29, 7, 613751), 'POST', '/api/v1/vitals/ingest', 200, 11, '172.18.0.1', '7c774ee2b89d460dad63856fcca0ab5b', None, None, None)]
(Background on this error at: https://sqlalche.me/e/20/f405)
INFO:     172.18.0.1:40126 - "POST /api/v1/vitals/ingest HTTP/1.1" 200 OK
api_log write failed: (sqlalchemy.dialects.postgresql.asyncpg.ProgrammingError) <class 'asyncpg.exceptions.UndefinedTableError'>: relation "api_logs" does not exist
[SQL: INSERT INTO api_logs (created_at, method, path, status_code, latency_ms, client_host, request_id, error_type, error_detail, traceback) VALUES ($1::TIMESTAMP WITHOUT TIME ZONE, $2::VARCHAR, $3::VARCHAR, $4::INTEGER, $5::INTEGER, $6::VARCHAR, $7::VARCHAR, $8::VARCHAR, $9::VARCHAR, $10::VARCHAR) RETURNING api_logs.id]
[parameters: (datetime.datetime(2026, 9, 3, 9, 29, 28, 1616), 'POST', '/api/v1/vitals/ingest', 200, 11, '172.18.0.1', 'e90f53cb459b4f4f8824bc216177e852', None, None, None)]
(Background on this error at: https://sqlalche.me/e/20/f405)
INFO:     172.18.0.1:47762 - "POST /api/v1/vitals/ingest HTTP/1.1" 200 OK
✅ Critical Alert Sent successfully. Response: {'status': 'success', 'hasError': False, 'data': 'Your request is in process, check delivery reports for status', 'errors': None, 'request_id': '9a836f675d2a41338e83ce55fc6aee12'}
api_log write failed: (sqlalchemy.dialects.postgresql.asyncpg.ProgrammingError) <class 'asyncpg.exceptions.UndefinedTableError'>: relation "api_logs" does not exist
[SQL: INSERT INTO api_logs (created_at, method, path, status_code, latency_ms, client_host, request_id, error_type, error_detail, traceback) VALUES ($1::TIMESTAMP WITHOUT TIME ZONE, $2::VARCHAR, $3::VARCHAR, $4::INTEGER, $5::INTEGER, $6::VARCHAR, $7::VARCHAR, $8::VARCHAR, $9::VARCHAR, $10::VARCHAR) RETURNING api_logs.id]
[parameters: (datetime.datetime(2026, 9, 3, 9, 29, 38, 327356), 'POST', '/api/v1/vitals/ingest', 200, 17, '172.18.0.1', 'cbf5415a2c774c22b26dad01cdaed96e', None, None, None)]
(Background on this error at: https://sqlalche.me/e/20/f405)
INFO:     172.18.0.1:48248 - "POST /api/v1/vitals/ingest HTTP/1.1" 200 OK
api_log write failed: (sqlalchemy.dialects.postgresql.asyncpg.ProgrammingError) <class 'asyncpg.exceptions.UndefinedTableError'>: relation "api_logs" does not exist
[SQL: INSERT INTO api_logs (created_at, method, path, status_code, latency_ms, client_host, request_id, error_type, error_detail, traceback) VALUES ($1::TIMESTAMP WITHOUT TIME ZONE, $2::VARCHAR, $3::VARCHAR, $4::INTEGER, $5::INTEGER, $6::VARCHAR, $7::VARCHAR, $8::VARCHAR, $9::VARCHAR, $10::VARCHAR) RETURNING api_logs.id]
[parameters: (datetime.datetime(2026, 9, 3, 9, 29, 44, 15945), 'POST', '/api/v1/vitals/ingest', 200, 9, '172.18.0.1', '2eafba2f2c6f497298f003427c5ddcf7', None, None, None)]
(Background on this error at: https://sqlalche.me/e/20/f405)
INFO:     172.18.0.1:53892 - "POST /api/v1/vitals/ingest HTTP/1.1" 200 OK
api_log write failed: (sqlalchemy.dialects.postgresql.asyncpg.ProgrammingError) <class 'asyncpg.exceptions.UndefinedTableError'>: relation "api_logs" does not exist
[SQL: INSERT INTO api_logs (created_at, method, path, status_code, latency_ms, client_host, request_id, error_type, error_detail, traceback) VALUES ($1::TIMESTAMP WITHOUT TIME ZONE, $2::VARCHAR, $3::VARCHAR, $4::INTEGER, $5::INTEGER, $6::VARCHAR, $7::VARCHAR, $8::VARCHAR, $9::VARCHAR, $10::VARCHAR) RETURNING api_logs.id]
[parameters: (datetime.datetime(2026, 9, 3, 9, 29, 47, 144142), 'OPTIONS', '/api/v1/auth/profile', 200, 0, '172.18.0.1', 'd090dea7918849ca80e7640ce7e93fcb', None, None, None)]
(Background on this error at: https://sqlalche.me/e/20/f405)
INFO:     172.18.0.1:53900 - "OPTIONS /api/v1/auth/profile HTTP/1.1" 200 OK
INFO:     172.18.0.1:53898 - "OPTIONS /api/v1/patients/assigned HTTP/1.1" 200 OK
api_log write failed: (sqlalchemy.dialects.postgresql.asyncpg.ProgrammingError) <class 'asyncpg.exceptions.UndefinedTableError'>: relation "api_logs" does not exist
[SQL: INSERT INTO api_logs (created_at, method, path, status_code, latency_ms, client_host, request_id, error_type, error_detail, traceback) VALUES ($1::TIMESTAMP WITHOUT TIME ZONE, $2::VARCHAR, $3::VARCHAR, $4::INTEGER, $5::INTEGER, $6::VARCHAR, $7::VARCHAR, $8::VARCHAR, $9::VARCHAR, $10::VARCHAR) RETURNING api_logs.id]
[parameters: (datetime.datetime(2026, 9, 3, 9, 29, 47, 145634), 'OPTIONS', '/api/v1/patients/assigned', 200, 0, '172.18.0.1', '68dc9b502f244bf5920757b00e3e44fa', None, None, None)]
(Background on this error at: https://sqlalche.me/e/20/f405)
api_log write failed: (sqlalchemy.dialects.postgresql.asyncpg.ProgrammingError) <class 'asyncpg.exceptions.UndefinedTableError'>: relation "api_logs" does not exist
[SQL: INSERT INTO api_logs (created_at, method, path, status_code, latency_ms, client_host, request_id, error_type, error_detail, traceback) VALUES ($1::TIMESTAMP WITHOUT TIME ZONE, $2::VARCHAR, $3::VARCHAR, $4::INTEGER, $5::INTEGER, $6::VARCHAR, $7::VARCHAR, $8::VARCHAR, $9::VARCHAR, $10::VARCHAR) RETURNING api_logs.id]
[parameters: (datetime.datetime(2026, 9, 3, 9, 29, 47, 219076), 'GET', '/api/v1/auth/profile', 200, 7, '172.18.0.1', '3e511b638f6f4fee8946fa07c168bdf2', None, None, None)]
(Background on this error at: https://sqlalche.me/e/20/f405)
INFO:     172.18.0.1:53916 - "GET /api/v1/auth/profile HTTP/1.1" 200 OK
api_log write failed: (sqlalchemy.dialects.postgresql.asyncpg.ProgrammingError) <class 'asyncpg.exceptions.UndefinedTableError'>: relation "api_logs" does not exist
[SQL: INSERT INTO api_logs (created_at, method, path, status_code, latency_ms, client_host, request_id, error_type, error_detail, traceback) VALUES ($1::TIMESTAMP WITHOUT TIME ZONE, $2::VARCHAR, $3::VARCHAR, $4::INTEGER, $5::INTEGER, $6::VARCHAR, $7::VARCHAR, $8::VARCHAR, $9::VARCHAR, $10::VARCHAR) RETURNING api_logs.id]
[parameters: (datetime.datetime(2026, 9, 3, 9, 29, 47, 218738), 'GET', '/api/v1/stream/assigned/stream', 200, 10, '172.18.0.1', 'a0f50f19a1294d2dadcc5b21eb443bbd', None, None, None)]
(Background on this error at: https://sqlalche.me/e/20/f405)
INFO:     172.18.0.1:53902 - "GET /api/v1/stream/assigned/stream?token=eyJhbGciOiJIUzI1NiIsInR5cCI6IkpXVCJ9.eyJzdWIiOiJsYWstMDAxIiwicm9sZSI6ImRvY3RvciIsImV4cCI6MTgxOTY4OTE3NywidHlwZSI6ImFjY2VzcyJ9.-lJbeIzvObqfUP26WyCtjt22fPXb2k5frOYAg_Q-fEU HTTP/1.1" 200 OK
api_log write failed: (sqlalchemy.dialects.postgresql.asyncpg.ProgrammingError) <class 'asyncpg.exceptions.UndefinedTableError'>: relation "api_logs" does not exist
[SQL: INSERT INTO api_logs (created_at, method, path, status_code, latency_ms, client_host, request_id, error_type, error_detail, traceback) VALUES ($1::TIMESTAMP WITHOUT TIME ZONE, $2::VARCHAR, $3::VARCHAR, $4::INTEGER, $5::INTEGER, $6::VARCHAR, $7::VARCHAR, $8::VARCHAR, $9::VARCHAR, $10::VARCHAR) RETURNING api_logs.id]
[parameters: (datetime.datetime(2026, 9, 3, 9, 29, 47, 306819), 'GET', '/api/v1/patients/assigned', 200, 21, '172.18.0.1', '8dd7fc37af9048b586243f66f07f5ffe', None, None, None)]
(Background on this error at: https://sqlalche.me/e/20/f405)
INFO:     172.18.0.1:53926 - "GET /api/v1/patients/assigned HTTP/1.1" 200 OK
api_log write failed: (sqlalchemy.dialects.postgresql.asyncpg.ProgrammingError) <class 'asyncpg.exceptions.UndefinedTableError'>: relation "api_logs" does not exist
[SQL: INSERT INTO api_logs (created_at, method, path, status_code, latency_ms, client_host, request_id, error_type, error_detail, traceback) VALUES ($1::TIMESTAMP WITHOUT TIME ZONE, $2::VARCHAR, $3::VARCHAR, $4::INTEGER, $5::INTEGER, $6::VARCHAR, $7::VARCHAR, $8::VARCHAR, $9::VARCHAR, $10::VARCHAR) RETURNING api_logs.id]
[parameters: (datetime.datetime(2026, 9, 3, 9, 29, 47, 433477), 'OPTIONS', '/api/v1/discovery/organizations/1/doctors', 200, 0, '172.18.0.1', '124080e99ff74dbfa07609ab17953c60', None, None, None)]
(Background on this error at: https://sqlalche.me/e/20/f405)
INFO:     172.18.0.1:53934 - "OPTIONS /api/v1/discovery/organizations/1/doctors HTTP/1.1" 200 OK
api_log write failed: (sqlalchemy.dialects.postgresql.asyncpg.ProgrammingError) <class 'asyncpg.exceptions.UndefinedTableError'>: relation "api_logs" does not exist
[SQL: INSERT INTO api_logs (created_at, method, path, status_code, latency_ms, client_host, request_id, error_type, error_detail, traceback) VALUES ($1::TIMESTAMP WITHOUT TIME ZONE, $2::VARCHAR, $3::VARCHAR, $4::INTEGER, $5::INTEGER, $6::VARCHAR, $7::VARCHAR, $8::VARCHAR, $9::VARCHAR, $10::VARCHAR) RETURNING api_logs.id]
[parameters: (datetime.datetime(2026, 9, 3, 9, 29, 47, 499382), 'GET', '/api/v1/discovery/organizations/1/doctors', 200, 3, '172.18.0.1', 'd750a0c4a7c945c29d3fec409b8b9476', None, None, None)]
(Background on this error at: https://sqlalche.me/e/20/f405)
INFO:     172.18.0.1:53940 - "GET /api/v1/discovery/organizations/1/doctors HTTP/1.1" 200 OK
api_log write failed: (sqlalchemy.dialects.postgresql.asyncpg.ProgrammingError) <class 'asyncpg.exceptions.UndefinedTableError'>: relation "api_logs" does not exist
[SQL: INSERT INTO api_logs (created_at, method, path, status_code, latency_ms, client_host, request_id, error_type, error_detail, traceback) VALUES ($1::TIMESTAMP WITHOUT TIME ZONE, $2::VARCHAR, $3::VARCHAR, $4::INTEGER, $5::INTEGER, $6::VARCHAR, $7::VARCHAR, $8::VARCHAR, $9::VARCHAR, $10::VARCHAR) RETURNING api_logs.id]
[parameters: (datetime.datetime(2026, 9, 3, 9, 29, 48, 268612), 'POST', '/api/v1/vitals/ingest', 200, 8, '172.18.0.1', 'd49e26b6d2e6471ba9927ba1624eae51', None, None, None)]
(Background on this error at: https://sqlalche.me/e/20/f405)
INFO:     172.18.0.1:53954 - "POST /api/v1/vitals/ingest HTTP/1.1" 200 OK
api_log write failed: (sqlalchemy.dialects.postgresql.asyncpg.ProgrammingError) <class 'asyncpg.exceptions.UndefinedTableError'>: relation "api_logs" does not exist
[SQL: INSERT INTO api_logs (created_at, method, path, status_code, latency_ms, client_host, request_id, error_type, error_detail, traceback) VALUES ($1::TIMESTAMP WITHOUT TIME ZONE, $2::VARCHAR, $3::VARCHAR, $4::INTEGER, $5::INTEGER, $6::VARCHAR, $7::VARCHAR, $8::VARCHAR, $9::VARCHAR, $10::VARCHAR) RETURNING api_logs.id]
[parameters: (datetime.datetime(2026, 9, 3, 9, 29, 50, 866242), 'POST', '/api/v1/vitals/ingest', 200, 9, '172.18.0.1', '8309d882039848a49184cb11f2a206d6', None, None, None)]
(Background on this error at: https://sqlalche.me/e/20/f405)
INFO:     172.18.0.1:53970 - "POST /api/v1/vitals/ingest HTTP/1.1" 200 OK
✅ Critical Alert Sent successfully. Response: {'status': 'success', 'hasError': False, 'data': 'Your request is in process, check delivery reports for status', 'errors': None, 'request_id': '79ba4553b6f34061b66de29ea159359e'}
api_log purge error: (sqlalchemy.dialects.postgresql.asyncpg.ProgrammingError) <class 'asyncpg.exceptions.UndefinedTableError'>: relation "api_logs" does not exist
[SQL: DELETE FROM api_logs WHERE api_logs.created_at < $1::TIMESTAMP WITHOUT TIME ZONE]
[parameters: (datetime.datetime(2026, 9, 1, 9, 29, 57, 87764),)]
(Background on this error at: https://sqlalche.me/e/20/f405)
